<?xml version='1.0' encoding='utf-8'?>
<annotations>
  <folder>images</folder>
  <filename>hard_hat_workers4787.png</filename>
  <object>
    <name>Head</name>
    <bndbox>
      <xmin>273.0</xmin>
      <ymin>170.0</ymin>
      <xmax>324.0</xmax>
      <ymax>233.0</ymax>
    </bndbox>
  </object>
  <object>
    <name>Head</name>
    <bndbox>
      <xmin>185.0</xmin>
      <ymin>153.0</ymin>
      <xmax>228.0</xmax>
      <ymax>210.0</ymax>
    </bndbox>
  </object>
  <object>
    <name>Head</name>
    <bndbox>
      <xmin>95.0</xmin>
      <ymin>173.0</ymin>
      <xmax>124.0</xmax>
      <ymax>209.0</ymax>
    </bndbox>
  </object>
  <object>
    <name>Head</name>
    <bndbox>
      <xmin>174.0</xmin>
      <ymin>172.0</ymin>
      <xmax>192.0</xmax>
      <ymax>204.0</ymax>
    </bndbox>
  </object>
</annotations>
