<?xml version='1.0' encoding='utf-8'?>
<annotations>
  <folder>images</folder>
  <filename>hard_hat_workers1072.png</filename>
  <object>
    <name>Helmet</name>
    <bndbox>
      <xmin>221.0</xmin>
      <ymin>101.0</ymin>
      <xmax>300.0</xmax>
      <ymax>195.0</ymax>
    </bndbox>
  </object>
  <object>
    <name>Helmet</name>
    <bndbox>
      <xmin>221.0</xmin>
      <ymin>0.0</ymin>
      <xmax>299.0</xmax>
      <ymax>73.0</ymax>
    </bndbox>
  </object>
  <object>
    <name>Person</name>
    <bndbox>
      <xmin>171.0</xmin>
      <ymin>92.0</ymin>
      <xmax>320.0</xmax>
      <ymax>348.0</ymax>
    </bndbox>
  </object>
</annotations>
