<?xml version='1.0' encoding='utf-8'?>
<annotations>
  <folder>images</folder>
  <filename>hard_hat_workers3508.png</filename>
  <object>
    <name>Helmet</name>
    <bndbox>
      <xmin>292.0</xmin>
      <ymin>136.0</ymin>
      <xmax>347.0</xmax>
      <ymax>199.0</ymax>
    </bndbox>
  </object>
  <object>
    <name>Helmet</name>
    <bndbox>
      <xmin>203.0</xmin>
      <ymin>183.0</ymin>
      <xmax>245.0</xmax>
      <ymax>231.0</ymax>
    </bndbox>
  </object>
  <object>
    <name>Person</name>
    <bndbox>
      <xmin>269.0</xmin>
      <ymin>134.0</ymin>
      <xmax>407.0</xmax>
      <ymax>341.0</ymax>
    </bndbox>
  </object>
  <object>
    <name>Person</name>
    <bndbox>
      <xmin>282.0</xmin>
      <ymin>348.0</ymin>
      <xmax>409.0</xmax>
      <ymax>414.0</ymax>
    </bndbox>
  </object>
</annotations>
