<?xml version='1.0' encoding='utf-8'?>
<annotations>
  <folder>images</folder>
  <filename>hard_hat_workers4544.png</filename>
  <object>
    <name>Helmet</name>
    <bndbox>
      <xmin>170.0</xmin>
      <ymin>132.0</ymin>
      <xmax>191.0</xmax>
      <ymax>153.0</ymax>
    </bndbox>
  </object>
  <object>
    <name>Helmet</name>
    <bndbox>
      <xmin>170.0</xmin>
      <ymin>31.0</ymin>
      <xmax>189.0</xmax>
      <ymax>51.0</ymax>
    </bndbox>
  </object>
  <object>
    <name>Person</name>
    <bndbox>
      <xmin>131.0</xmin>
      <ymin>134.0</ymin>
      <xmax>193.0</xmax>
      <ymax>219.0</ymax>
    </bndbox>
  </object>
  <object>
    <name>Helmet</name>
    <bndbox>
      <xmin>115.0</xmin>
      <ymin>0.0</ymin>
      <xmax>135.0</xmax>
      <ymax>8.0</ymax>
    </bndbox>
  </object>
</annotations>
