<?xml version='1.0' encoding='utf-8'?>
<annotations>
  <folder>images</folder>
  <filename>hard_hat_workers246.png</filename>
  <object>
    <name>Helmet</name>
    <bndbox>
      <xmin>220.0</xmin>
      <ymin>163.0</ymin>
      <xmax>250.0</xmax>
      <ymax>199.0</ymax>
    </bndbox>
  </object>
  <object>
    <name>Helmet</name>
    <bndbox>
      <xmin>277.0</xmin>
      <ymin>154.0</ymin>
      <xmax>304.0</xmax>
      <ymax>187.0</ymax>
    </bndbox>
  </object>
  <object>
    <name>Helmet</name>
    <bndbox>
      <xmin>156.0</xmin>
      <ymin>202.0</ymin>
      <xmax>204.0</xmax>
      <ymax>257.0</ymax>
    </bndbox>
  </object>
  <object>
    <name>Person</name>
    <bndbox>
      <xmin>264.0</xmin>
      <ymin>160.0</ymin>
      <xmax>330.0</xmax>
      <ymax>302.0</ymax>
    </bndbox>
  </object>
</annotations>
