<?xml version='1.0' encoding='utf-8'?>
<annotations>
  <folder>images</folder>
  <filename>hard_hat_workers2244.png</filename>
  <object>
    <name>Helmet</name>
    <bndbox>
      <xmin>136.0</xmin>
      <ymin>159.0</ymin>
      <xmax>188.0</xmax>
      <ymax>215.0</ymax>
    </bndbox>
  </object>
  <object>
    <name>Helmet</name>
    <bndbox>
      <xmin>16.0</xmin>
      <ymin>117.0</ymin>
      <xmax>113.0</xmax>
      <ymax>227.0</ymax>
    </bndbox>
  </object>
  <object>
    <name>Helmet</name>
    <bndbox>
      <xmin>196.0</xmin>
      <ymin>123.0</ymin>
      <xmax>248.0</xmax>
      <ymax>190.0</ymax>
    </bndbox>
  </object>
  <object>
    <name>Helmet</name>
    <bndbox>
      <xmin>135.0</xmin>
      <ymin>275.0</ymin>
      <xmax>187.0</xmax>
      <ymax>334.0</ymax>
    </bndbox>
  </object>
</annotations>
