<?xml version='1.0' encoding='utf-8'?>
<annotations>
  <folder>images</folder>
  <filename>hard_hat_workers2363.png</filename>
  <object>
    <name>Helmet</name>
    <bndbox>
      <xmin>126.0</xmin>
      <ymin>102.0</ymin>
      <xmax>168.0</xmax>
      <ymax>149.0</ymax>
    </bndbox>
  </object>
  <object>
    <name>Helmet</name>
    <bndbox>
      <xmin>299.0</xmin>
      <ymin>0.0</ymin>
      <xmax>345.0</xmax>
      <ymax>43.0</ymax>
    </bndbox>
  </object>
  <object>
    <name>Helmet</name>
    <bndbox>
      <xmin>75.0</xmin>
      <ymin>84.0</ymin>
      <xmax>110.0</xmax>
      <ymax>128.0</ymax>
    </bndbox>
  </object>
  <object>
    <name>Helmet</name>
    <bndbox>
      <xmin>197.0</xmin>
      <ymin>0.0</ymin>
      <xmax>241.0</xmax>
      <ymax>42.0</ymax>
    </bndbox>
  </object>
</annotations>
