<?xml version='1.0' encoding='utf-8'?>
<annotations>
  <folder>images</folder>
  <filename>hard_hat_workers4331.png</filename>
  <object>
    <name>Helmet</name>
    <bndbox>
      <xmin>108.0</xmin>
      <ymin>209.0</ymin>
      <xmax>146.0</xmax>
      <ymax>242.0</ymax>
    </bndbox>
  </object>
  <object>
    <name>Helmet</name>
    <bndbox>
      <xmin>363.0</xmin>
      <ymin>171.0</ymin>
      <xmax>390.0</xmax>
      <ymax>202.0</ymax>
    </bndbox>
  </object>
  <object>
    <name>Helmet</name>
    <bndbox>
      <xmin>80.0</xmin>
      <ymin>150.0</ymin>
      <xmax>99.0</xmax>
      <ymax>169.0</ymax>
    </bndbox>
  </object>
  <object>
    <name>Helmet</name>
    <bndbox>
      <xmin>299.0</xmin>
      <ymin>137.0</ymin>
      <xmax>317.0</xmax>
      <ymax>156.0</ymax>
    </bndbox>
  </object>
</annotations>
