<?xml version='1.0' encoding='utf-8'?>
<annotations>
  <folder>images</folder>
  <filename>hard_hat_workers182.png</filename>
  <object>
    <name>Helmet</name>
    <bndbox>
      <xmin>102.0</xmin>
      <ymin>236.0</ymin>
      <xmax>131.0</xmax>
      <ymax>268.0</ymax>
    </bndbox>
  </object>
  <object>
    <name>Helmet</name>
    <bndbox>
      <xmin>134.0</xmin>
      <ymin>240.0</ymin>
      <xmax>157.0</xmax>
      <ymax>264.0</ymax>
    </bndbox>
  </object>
  <object>
    <name>Helmet</name>
    <bndbox>
      <xmin>52.0</xmin>
      <ymin>264.0</ymin>
      <xmax>70.0</xmax>
      <ymax>284.0</ymax>
    </bndbox>
  </object>
  <object>
    <name>Person</name>
    <bndbox>
      <xmin>85.0</xmin>
      <ymin>245.0</ymin>
      <xmax>137.0</xmax>
      <ymax>340.0</ymax>
    </bndbox>
  </object>
</annotations>
