<?xml version='1.0' encoding='utf-8'?>
<annotations>
  <folder>images</folder>
  <filename>hard_hat_workers2340.png</filename>
  <object>
    <name>Helmet</name>
    <bndbox>
      <xmin>149.0</xmin>
      <ymin>103.0</ymin>
      <xmax>172.0</xmax>
      <ymax>127.0</ymax>
    </bndbox>
  </object>
  <object>
    <name>Helmet</name>
    <bndbox>
      <xmin>215.0</xmin>
      <ymin>125.0</ymin>
      <xmax>243.0</xmax>
      <ymax>156.0</ymax>
    </bndbox>
  </object>
  <object>
    <name>Helmet</name>
    <bndbox>
      <xmin>295.0</xmin>
      <ymin>117.0</ymin>
      <xmax>318.0</xmax>
      <ymax>143.0</ymax>
    </bndbox>
  </object>
  <object>
    <name>Helmet</name>
    <bndbox>
      <xmin>151.0</xmin>
      <ymin>10.0</ymin>
      <xmax>171.0</xmax>
      <ymax>33.0</ymax>
    </bndbox>
  </object>
</annotations>
