<?xml version='1.0' encoding='utf-8'?>
<annotations>
  <folder>images</folder>
  <filename>hard_hat_workers2880.png</filename>
  <object>
    <name>Helmet</name>
    <bndbox>
      <xmin>73.0</xmin>
      <ymin>119.0</ymin>
      <xmax>101.0</xmax>
      <ymax>157.0</ymax>
    </bndbox>
  </object>
  <object>
    <name>Helmet</name>
    <bndbox>
      <xmin>178.0</xmin>
      <ymin>128.0</ymin>
      <xmax>204.0</xmax>
      <ymax>160.0</ymax>
    </bndbox>
  </object>
  <object>
    <name>Helmet</name>
    <bndbox>
      <xmin>151.0</xmin>
      <ymin>139.0</ymin>
      <xmax>174.0</xmax>
      <ymax>167.0</ymax>
    </bndbox>
  </object>
  <object>
    <name>Helmet</name>
    <bndbox>
      <xmin>73.0</xmin>
      <ymin>0.0</ymin>
      <xmax>102.0</xmax>
      <ymax>18.0</ymax>
    </bndbox>
  </object>
</annotations>
