<?xml version='1.0' encoding='utf-8'?>
<annotations>
  <folder>images</folder>
  <filename>hard_hat_workers796.png</filename>
  <object>
    <name>Helmet</name>
    <bndbox>
      <xmin>250.0</xmin>
      <ymin>144.0</ymin>
      <xmax>287.0</xmax>
      <ymax>185.0</ymax>
    </bndbox>
  </object>
  <object>
    <name>Helmet</name>
    <bndbox>
      <xmin>131.0</xmin>
      <ymin>141.0</ymin>
      <xmax>167.0</xmax>
      <ymax>180.0</ymax>
    </bndbox>
  </object>
  <object>
    <name>Helmet</name>
    <bndbox>
      <xmin>221.0</xmin>
      <ymin>142.0</ymin>
      <xmax>246.0</xmax>
      <ymax>173.0</ymax>
    </bndbox>
  </object>
  <object>
    <name>Helmet</name>
    <bndbox>
      <xmin>47.0</xmin>
      <ymin>145.0</ymin>
      <xmax>66.0</xmax>
      <ymax>168.0</ymax>
    </bndbox>
  </object>
</annotations>
