<?xml version='1.0' encoding='utf-8'?>
<annotations>
  <folder>images</folder>
  <filename>hard_hat_workers3352.png</filename>
  <object>
    <name>Helmet</name>
    <bndbox>
      <xmin>65.0</xmin>
      <ymin>225.0</ymin>
      <xmax>79.0</xmax>
      <ymax>240.0</ymax>
    </bndbox>
  </object>
  <object>
    <name>Helmet</name>
    <bndbox>
      <xmin>339.0</xmin>
      <ymin>233.0</ymin>
      <xmax>352.0</xmax>
      <ymax>248.0</ymax>
    </bndbox>
  </object>
  <object>
    <name>Helmet</name>
    <bndbox>
      <xmin>189.0</xmin>
      <ymin>233.0</ymin>
      <xmax>199.0</xmax>
      <ymax>245.0</ymax>
    </bndbox>
  </object>
  <object>
    <name>Helmet</name>
    <bndbox>
      <xmin>93.0</xmin>
      <ymin>229.0</ymin>
      <xmax>106.0</xmax>
      <ymax>244.0</ymax>
    </bndbox>
  </object>
</annotations>
