<?xml version='1.0' encoding='utf-8'?>
<annotations>
  <folder>images</folder>
  <filename>hard_hat_workers3034.png</filename>
  <object>
    <name>Helmet</name>
    <bndbox>
      <xmin>198.0</xmin>
      <ymin>22.0</ymin>
      <xmax>260.0</xmax>
      <ymax>100.0</ymax>
    </bndbox>
  </object>
  <object>
    <name>Helmet</name>
    <bndbox>
      <xmin>141.0</xmin>
      <ymin>295.0</ymin>
      <xmax>230.0</xmax>
      <ymax>388.0</ymax>
    </bndbox>
  </object>
  <object>
    <name>Helmet</name>
    <bndbox>
      <xmin>51.0</xmin>
      <ymin>6.0</ymin>
      <xmax>89.0</xmax>
      <ymax>53.0</ymax>
    </bndbox>
  </object>
  <object>
    <name>Person</name>
    <bndbox>
      <xmin>152.0</xmin>
      <ymin>30.0</ymin>
      <xmax>265.0</xmax>
      <ymax>210.0</ymax>
    </bndbox>
  </object>
</annotations>
