<?xml version='1.0' encoding='utf-8'?>
<annotations>
  <folder>images</folder>
  <filename>hard_hat_workers834.png</filename>
  <object>
    <name>Helmet</name>
    <bndbox>
      <xmin>206.0</xmin>
      <ymin>254.0</ymin>
      <xmax>226.0</xmax>
      <ymax>279.0</ymax>
    </bndbox>
  </object>
  <object>
    <name>Helmet</name>
    <bndbox>
      <xmin>28.0</xmin>
      <ymin>390.0</ymin>
      <xmax>82.0</xmax>
      <ymax>416.0</ymax>
    </bndbox>
  </object>
  <object>
    <name>Helmet</name>
    <bndbox>
      <xmin>28.0</xmin>
      <ymin>251.0</ymin>
      <xmax>85.0</xmax>
      <ymax>313.0</ymax>
    </bndbox>
  </object>
  <object>
    <name>Helmet</name>
    <bndbox>
      <xmin>52.0</xmin>
      <ymin>237.0</ymin>
      <xmax>75.0</xmax>
      <ymax>259.0</ymax>
    </bndbox>
  </object>
</annotations>
