<?xml version='1.0' encoding='utf-8'?>
<annotations>
  <folder>images</folder>
  <filename>hard_hat_workers3903.png</filename>
  <object>
    <name>Helmet</name>
    <bndbox>
      <xmin>329.0</xmin>
      <ymin>69.0</ymin>
      <xmax>366.0</xmax>
      <ymax>109.0</ymax>
    </bndbox>
  </object>
  <object>
    <name>Helmet</name>
    <bndbox>
      <xmin>72.0</xmin>
      <ymin>174.0</ymin>
      <xmax>100.0</xmax>
      <ymax>207.0</ymax>
    </bndbox>
  </object>
  <object>
    <name>Helmet</name>
    <bndbox>
      <xmin>67.0</xmin>
      <ymin>96.0</ymin>
      <xmax>97.0</xmax>
      <ymax>132.0</ymax>
    </bndbox>
  </object>
  <object>
    <name>Helmet</name>
    <bndbox>
      <xmin>329.0</xmin>
      <ymin>16.0</ymin>
      <xmax>365.0</xmax>
      <ymax>53.0</ymax>
    </bndbox>
  </object>
</annotations>
