<?xml version='1.0' encoding='utf-8'?>
<annotations>
  <folder>images</folder>
  <filename>hard_hat_workers1877.png</filename>
  <object>
    <name>Helmet</name>
    <bndbox>
      <xmin>78.0</xmin>
      <ymin>67.0</ymin>
      <xmax>155.0</xmax>
      <ymax>155.0</ymax>
    </bndbox>
  </object>
  <object>
    <name>Helmet</name>
    <bndbox>
      <xmin>75.0</xmin>
      <ymin>0.0</ymin>
      <xmax>155.0</xmax>
      <ymax>72.0</ymax>
    </bndbox>
  </object>
  <object>
    <name>Helmet</name>
    <bndbox>
      <xmin>292.0</xmin>
      <ymin>106.0</ymin>
      <xmax>387.0</xmax>
      <ymax>208.0</ymax>
    </bndbox>
  </object>
  <object>
    <name>Helmet</name>
    <bndbox>
      <xmin>301.0</xmin>
      <ymin>0.0</ymin>
      <xmax>385.0</xmax>
      <ymax>33.0</ymax>
    </bndbox>
  </object>
</annotations>
