<?xml version='1.0' encoding='utf-8'?>
<annotations>
  <folder>images</folder>
  <filename>hard_hat_workers579.png</filename>
  <object>
    <name>Head</name>
    <bndbox>
      <xmin>132.0</xmin>
      <ymin>103.0</ymin>
      <xmax>169.0</xmax>
      <ymax>150.0</ymax>
    </bndbox>
  </object>
  <object>
    <name>Head</name>
    <bndbox>
      <xmin>63.0</xmin>
      <ymin>102.0</ymin>
      <xmax>104.0</xmax>
      <ymax>155.0</ymax>
    </bndbox>
  </object>
  <object>
    <name>Head</name>
    <bndbox>
      <xmin>224.0</xmin>
      <ymin>106.0</ymin>
      <xmax>257.0</xmax>
      <ymax>151.0</ymax>
    </bndbox>
  </object>
  <object>
    <name>Head</name>
    <bndbox>
      <xmin>265.0</xmin>
      <ymin>125.0</ymin>
      <xmax>305.0</xmax>
      <ymax>176.0</ymax>
    </bndbox>
  </object>
</annotations>
