<?xml version='1.0' encoding='utf-8'?>
<annotations>
  <folder>images</folder>
  <filename>hard_hat_workers1854.png</filename>
  <object>
    <name>Helmet</name>
    <bndbox>
      <xmin>309.0</xmin>
      <ymin>175.0</ymin>
      <xmax>392.0</xmax>
      <ymax>262.0</ymax>
    </bndbox>
  </object>
  <object>
    <name>Helmet</name>
    <bndbox>
      <xmin>104.0</xmin>
      <ymin>206.0</ymin>
      <xmax>157.0</xmax>
      <ymax>253.0</ymax>
    </bndbox>
  </object>
  <object>
    <name>Helmet</name>
    <bndbox>
      <xmin>248.0</xmin>
      <ymin>300.0</ymin>
      <xmax>301.0</xmax>
      <ymax>355.0</ymax>
    </bndbox>
  </object>
  <object>
    <name>Helmet</name>
    <bndbox>
      <xmin>0.0</xmin>
      <ymin>219.0</ymin>
      <xmax>10.0</xmax>
      <ymax>258.0</ymax>
    </bndbox>
  </object>
</annotations>
