<?xml version='1.0' encoding='utf-8'?>
<annotations>
  <folder>images</folder>
  <filename>hard_hat_workers3325.png</filename>
  <object>
    <name>Helmet</name>
    <bndbox>
      <xmin>52.0</xmin>
      <ymin>196.0</ymin>
      <xmax>83.0</xmax>
      <ymax>230.0</ymax>
    </bndbox>
  </object>
  <object>
    <name>Helmet</name>
    <bndbox>
      <xmin>322.0</xmin>
      <ymin>226.0</ymin>
      <xmax>334.0</xmax>
      <ymax>240.0</ymax>
    </bndbox>
  </object>
  <object>
    <name>Person</name>
    <bndbox>
      <xmin>17.0</xmin>
      <ymin>337.0</ymin>
      <xmax>96.0</xmax>
      <ymax>416.0</ymax>
    </bndbox>
  </object>
</annotations>
