<?xml version='1.0' encoding='utf-8'?>
<annotations>
  <folder>images</folder>
  <filename>hard_hat_workers415.png</filename>
  <object>
    <name>Helmet</name>
    <bndbox>
      <xmin>211.0</xmin>
      <ymin>152.0</ymin>
      <xmax>224.0</xmax>
      <ymax>167.0</ymax>
    </bndbox>
  </object>
  <object>
    <name>Person</name>
    <bndbox>
      <xmin>163.0</xmin>
      <ymin>218.0</ymin>
      <xmax>213.0</xmax>
      <ymax>310.0</ymax>
    </bndbox>
  </object>
  <object>
    <name>Person</name>
    <bndbox>
      <xmin>199.0</xmin>
      <ymin>154.0</ymin>
      <xmax>246.0</xmax>
      <ymax>219.0</ymax>
    </bndbox>
  </object>
</annotations>
