<?xml version='1.0' encoding='utf-8'?>
<annotations>
  <folder>images</folder>
  <filename>hard_hat_workers2705.png</filename>
  <object>
    <name>Helmet</name>
    <bndbox>
      <xmin>178.0</xmin>
      <ymin>153.0</ymin>
      <xmax>251.0</xmax>
      <ymax>230.0</ymax>
    </bndbox>
  </object>
  <object>
    <name>Helmet</name>
    <bndbox>
      <xmin>265.0</xmin>
      <ymin>102.0</ymin>
      <xmax>337.0</xmax>
      <ymax>175.0</ymax>
    </bndbox>
  </object>
  <object>
    <name>Helmet</name>
    <bndbox>
      <xmin>273.0</xmin>
      <ymin>152.0</ymin>
      <xmax>365.0</xmax>
      <ymax>251.0</ymax>
    </bndbox>
  </object>
  <object>
    <name>Helmet</name>
    <bndbox>
      <xmin>35.0</xmin>
      <ymin>165.0</ymin>
      <xmax>55.0</xmax>
      <ymax>189.0</ymax>
    </bndbox>
  </object>
</annotations>
