<?xml version='1.0' encoding='utf-8'?>
<annotations>
  <folder>images</folder>
  <filename>hard_hat_workers1109.png</filename>
  <object>
    <name>Helmet</name>
    <bndbox>
      <xmin>30.0</xmin>
      <ymin>126.0</ymin>
      <xmax>73.0</xmax>
      <ymax>173.0</ymax>
    </bndbox>
  </object>
  <object>
    <name>Helmet</name>
    <bndbox>
      <xmin>112.0</xmin>
      <ymin>146.0</ymin>
      <xmax>138.0</xmax>
      <ymax>177.0</ymax>
    </bndbox>
  </object>
  <object>
    <name>Helmet</name>
    <bndbox>
      <xmin>218.0</xmin>
      <ymin>160.0</ymin>
      <xmax>238.0</xmax>
      <ymax>184.0</ymax>
    </bndbox>
  </object>
  <object>
    <name>Helmet</name>
    <bndbox>
      <xmin>172.0</xmin>
      <ymin>149.0</ymin>
      <xmax>193.0</xmax>
      <ymax>174.0</ymax>
    </bndbox>
  </object>
</annotations>
