<?xml version='1.0' encoding='utf-8'?>
<annotations>
  <folder>images</folder>
  <filename>hard_hat_workers2899.png</filename>
  <object>
    <name>Helmet</name>
    <bndbox>
      <xmin>127.0</xmin>
      <ymin>283.0</ymin>
      <xmax>150.0</xmax>
      <ymax>306.0</ymax>
    </bndbox>
  </object>
  <object>
    <name>Helmet</name>
    <bndbox>
      <xmin>133.0</xmin>
      <ymin>84.0</ymin>
      <xmax>154.0</xmax>
      <ymax>106.0</ymax>
    </bndbox>
  </object>
  <object>
    <name>Helmet</name>
    <bndbox>
      <xmin>125.0</xmin>
      <ymin>387.0</ymin>
      <xmax>151.0</xmax>
      <ymax>408.0</ymax>
    </bndbox>
  </object>
  <object>
    <name>Helmet</name>
    <bndbox>
      <xmin>134.0</xmin>
      <ymin>33.0</ymin>
      <xmax>153.0</xmax>
      <ymax>53.0</ymax>
    </bndbox>
  </object>
</annotations>
