<?xml version='1.0' encoding='utf-8'?>
<annotations>
  <folder>images</folder>
  <filename>hard_hat_workers192.png</filename>
  <object>
    <name>Helmet</name>
    <bndbox>
      <xmin>343.0</xmin>
      <ymin>222.0</ymin>
      <xmax>376.0</xmax>
      <ymax>255.0</ymax>
    </bndbox>
  </object>
  <object>
    <name>Helmet</name>
    <bndbox>
      <xmin>151.0</xmin>
      <ymin>280.0</ymin>
      <xmax>185.0</xmax>
      <ymax>320.0</ymax>
    </bndbox>
  </object>
  <object>
    <name>Helmet</name>
    <bndbox>
      <xmin>83.0</xmin>
      <ymin>276.0</ymin>
      <xmax>121.0</xmax>
      <ymax>312.0</ymax>
    </bndbox>
  </object>
  <object>
    <name>Helmet</name>
    <bndbox>
      <xmin>150.0</xmin>
      <ymin>360.0</ymin>
      <xmax>185.0</xmax>
      <ymax>398.0</ymax>
    </bndbox>
  </object>
</annotations>
