<?xml version='1.0' encoding='utf-8'?>
<annotations>
  <folder>images</folder>
  <filename>hard_hat_workers1095.png</filename>
  <object>
    <name>Helmet</name>
    <bndbox>
      <xmin>302.0</xmin>
      <ymin>233.0</ymin>
      <xmax>329.0</xmax>
      <ymax>267.0</ymax>
    </bndbox>
  </object>
  <object>
    <name>Helmet</name>
    <bndbox>
      <xmin>80.0</xmin>
      <ymin>227.0</ymin>
      <xmax>108.0</xmax>
      <ymax>263.0</ymax>
    </bndbox>
  </object>
  <object>
    <name>Helmet</name>
    <bndbox>
      <xmin>254.0</xmin>
      <ymin>232.0</ymin>
      <xmax>279.0</xmax>
      <ymax>263.0</ymax>
    </bndbox>
  </object>
  <object>
    <name>Helmet</name>
    <bndbox>
      <xmin>206.0</xmin>
      <ymin>232.0</ymin>
      <xmax>232.0</xmax>
      <ymax>266.0</ymax>
    </bndbox>
  </object>
</annotations>
