<?xml version='1.0' encoding='utf-8'?>
<annotations>
  <folder>images</folder>
  <filename>hard_hat_workers1456.png</filename>
  <object>
    <name>Helmet</name>
    <bndbox>
      <xmin>208.0</xmin>
      <ymin>239.0</ymin>
      <xmax>230.0</xmax>
      <ymax>263.0</ymax>
    </bndbox>
  </object>
  <object>
    <name>Helmet</name>
    <bndbox>
      <xmin>337.0</xmin>
      <ymin>256.0</ymin>
      <xmax>364.0</xmax>
      <ymax>286.0</ymax>
    </bndbox>
  </object>
  <object>
    <name>Helmet</name>
    <bndbox>
      <xmin>350.0</xmin>
      <ymin>133.0</ymin>
      <xmax>365.0</xmax>
      <ymax>150.0</ymax>
    </bndbox>
  </object>
  <object>
    <name>Helmet</name>
    <bndbox>
      <xmin>82.0</xmin>
      <ymin>185.0</ymin>
      <xmax>95.0</xmax>
      <ymax>200.0</ymax>
    </bndbox>
  </object>
</annotations>
