<?xml version='1.0' encoding='utf-8'?>
<annotations>
  <folder>images</folder>
  <filename>hard_hat_workers4073.png</filename>
  <object>
    <name>Helmet</name>
    <bndbox>
      <xmin>153.0</xmin>
      <ymin>101.0</ymin>
      <xmax>190.0</xmax>
      <ymax>149.0</ymax>
    </bndbox>
  </object>
  <object>
    <name>Helmet</name>
    <bndbox>
      <xmin>61.0</xmin>
      <ymin>59.0</ymin>
      <xmax>109.0</xmax>
      <ymax>121.0</ymax>
    </bndbox>
  </object>
  <object>
    <name>Helmet</name>
    <bndbox>
      <xmin>59.0</xmin>
      <ymin>0.0</ymin>
      <xmax>109.0</xmax>
      <ymax>38.0</ymax>
    </bndbox>
  </object>
  <object>
    <name>Helmet</name>
    <bndbox>
      <xmin>190.0</xmin>
      <ymin>80.0</ymin>
      <xmax>224.0</xmax>
      <ymax>128.0</ymax>
    </bndbox>
  </object>
</annotations>
