<?xml version='1.0' encoding='utf-8'?>
<annotations>
  <folder>images</folder>
  <filename>hard_hat_workers2617.png</filename>
  <object>
    <name>Helmet</name>
    <bndbox>
      <xmin>309.0</xmin>
      <ymin>211.0</ymin>
      <xmax>378.0</xmax>
      <ymax>288.0</ymax>
    </bndbox>
  </object>
  <object>
    <name>Helmet</name>
    <bndbox>
      <xmin>223.0</xmin>
      <ymin>195.0</ymin>
      <xmax>311.0</xmax>
      <ymax>283.0</ymax>
    </bndbox>
  </object>
  <object>
    <name>Person</name>
    <bndbox>
      <xmin>13.0</xmin>
      <ymin>125.0</ymin>
      <xmax>288.0</xmax>
      <ymax>403.0</ymax>
    </bndbox>
  </object>
  <object>
    <name>Helmet</name>
    <bndbox>
      <xmin>208.0</xmin>
      <ymin>197.0</ymin>
      <xmax>250.0</xmax>
      <ymax>258.0</ymax>
    </bndbox>
  </object>
</annotations>
