<?xml version='1.0' encoding='utf-8'?>
<annotations>
  <folder>images</folder>
  <filename>hard_hat_workers1321.png</filename>
  <object>
    <name>Helmet</name>
    <bndbox>
      <xmin>169.0</xmin>
      <ymin>155.0</ymin>
      <xmax>190.0</xmax>
      <ymax>179.0</ymax>
    </bndbox>
  </object>
  <object>
    <name>Helmet</name>
    <bndbox>
      <xmin>195.0</xmin>
      <ymin>158.0</ymin>
      <xmax>217.0</xmax>
      <ymax>182.0</ymax>
    </bndbox>
  </object>
  <object>
    <name>Helmet</name>
    <bndbox>
      <xmin>218.0</xmin>
      <ymin>179.0</ymin>
      <xmax>238.0</xmax>
      <ymax>201.0</ymax>
    </bndbox>
  </object>
  <object>
    <name>Helmet</name>
    <bndbox>
      <xmin>173.0</xmin>
      <ymin>84.0</ymin>
      <xmax>191.0</xmax>
      <ymax>105.0</ymax>
    </bndbox>
  </object>
</annotations>
