<?xml version='1.0' encoding='utf-8'?>
<annotations>
  <folder>images</folder>
  <filename>hard_hat_workers4063.png</filename>
  <object>
    <name>Helmet</name>
    <bndbox>
      <xmin>295.0</xmin>
      <ymin>95.0</ymin>
      <xmax>402.0</xmax>
      <ymax>219.0</ymax>
    </bndbox>
  </object>
  <object>
    <name>Helmet</name>
    <bndbox>
      <xmin>293.0</xmin>
      <ymin>1.0</ymin>
      <xmax>404.0</xmax>
      <ymax>82.0</ymax>
    </bndbox>
  </object>
  <object>
    <name>Helmet</name>
    <bndbox>
      <xmin>300.0</xmin>
      <ymin>50.0</ymin>
      <xmax>398.0</xmax>
      <ymax>154.0</ymax>
    </bndbox>
  </object>
</annotations>
