<?xml version='1.0' encoding='utf-8'?>
<annotations>
  <folder>images</folder>
  <filename>hard_hat_workers873.png</filename>
  <object>
    <name>Helmet</name>
    <bndbox>
      <xmin>42.0</xmin>
      <ymin>224.0</ymin>
      <xmax>61.0</xmax>
      <ymax>246.0</ymax>
    </bndbox>
  </object>
  <object>
    <name>Helmet</name>
    <bndbox>
      <xmin>282.0</xmin>
      <ymin>219.0</ymin>
      <xmax>300.0</xmax>
      <ymax>239.0</ymax>
    </bndbox>
  </object>
  <object>
    <name>Helmet</name>
    <bndbox>
      <xmin>51.0</xmin>
      <ymin>338.0</ymin>
      <xmax>70.0</xmax>
      <ymax>359.0</ymax>
    </bndbox>
  </object>
  <object>
    <name>Person</name>
    <bndbox>
      <xmin>259.0</xmin>
      <ymin>222.0</ymin>
      <xmax>309.0</xmax>
      <ymax>299.0</ymax>
    </bndbox>
  </object>
</annotations>
