<?xml version='1.0' encoding='utf-8'?>
<annotations>
  <folder>images</folder>
  <filename>hard_hat_workers4062.png</filename>
  <object>
    <name>Helmet</name>
    <bndbox>
      <xmin>265.0</xmin>
      <ymin>160.0</ymin>
      <xmax>311.0</xmax>
      <ymax>209.0</ymax>
    </bndbox>
  </object>
  <object>
    <name>Helmet</name>
    <bndbox>
      <xmin>136.0</xmin>
      <ymin>180.0</ymin>
      <xmax>171.0</xmax>
      <ymax>221.0</ymax>
    </bndbox>
  </object>
  <object>
    <name>Helmet</name>
    <bndbox>
      <xmin>109.0</xmin>
      <ymin>183.0</ymin>
      <xmax>124.0</xmax>
      <ymax>201.0</ymax>
    </bndbox>
  </object>
  <object>
    <name>Person</name>
    <bndbox>
      <xmin>220.0</xmin>
      <ymin>156.0</ymin>
      <xmax>357.0</xmax>
      <ymax>343.0</ymax>
    </bndbox>
  </object>
</annotations>
