<?xml version='1.0' encoding='utf-8'?>
<annotations>
  <folder>images</folder>
  <filename>hard_hat_workers3301.png</filename>
  <object>
    <name>Helmet</name>
    <bndbox>
      <xmin>194.0</xmin>
      <ymin>53.0</ymin>
      <xmax>254.0</xmax>
      <ymax>126.0</ymax>
    </bndbox>
  </object>
  <object>
    <name>Head</name>
    <bndbox>
      <xmin>380.0</xmin>
      <ymin>0.0</ymin>
      <xmax>415.0</xmax>
      <ymax>55.0</ymax>
    </bndbox>
  </object>
  <object>
    <name>Person</name>
    <bndbox>
      <xmin>138.0</xmin>
      <ymin>57.0</ymin>
      <xmax>333.0</xmax>
      <ymax>320.0</ymax>
    </bndbox>
  </object>
  <object>
    <name>Head</name>
    <bndbox>
      <xmin>0.0</xmin>
      <ymin>0.0</ymin>
      <xmax>32.0</xmax>
      <ymax>65.0</ymax>
    </bndbox>
  </object>
</annotations>
