<?xml version='1.0' encoding='utf-8'?>
<annotations>
  <folder>images</folder>
  <filename>hard_hat_workers2131.png</filename>
  <object>
    <name>Helmet</name>
    <bndbox>
      <xmin>52.0</xmin>
      <ymin>30.0</ymin>
      <xmax>94.0</xmax>
      <ymax>61.0</ymax>
    </bndbox>
  </object>
  <object>
    <name>Head</name>
    <bndbox>
      <xmin>53.0</xmin>
      <ymin>59.0</ymin>
      <xmax>95.0</xmax>
      <ymax>95.0</ymax>
    </bndbox>
  </object>
  <object>
    <name>Helmet</name>
    <bndbox>
      <xmin>52.0</xmin>
      <ymin>59.0</ymin>
      <xmax>96.0</xmax>
      <ymax>95.0</ymax>
    </bndbox>
  </object>
  <object>
    <name>Head</name>
    <bndbox>
      <xmin>52.0</xmin>
      <ymin>29.0</ymin>
      <xmax>94.0</xmax>
      <ymax>61.0</ymax>
    </bndbox>
  </object>
</annotations>
