<?xml version='1.0' encoding='utf-8'?>
<annotations>
  <folder>images</folder>
  <filename>hard_hat_workers2200.png</filename>
  <object>
    <name>Helmet</name>
    <bndbox>
      <xmin>223.0</xmin>
      <ymin>170.0</ymin>
      <xmax>266.0</xmax>
      <ymax>218.0</ymax>
    </bndbox>
  </object>
  <object>
    <name>Helmet</name>
    <bndbox>
      <xmin>351.0</xmin>
      <ymin>165.0</ymin>
      <xmax>393.0</xmax>
      <ymax>216.0</ymax>
    </bndbox>
  </object>
  <object>
    <name>Helmet</name>
    <bndbox>
      <xmin>13.0</xmin>
      <ymin>165.0</ymin>
      <xmax>49.0</xmax>
      <ymax>210.0</ymax>
    </bndbox>
  </object>
  <object>
    <name>Helmet</name>
    <bndbox>
      <xmin>172.0</xmin>
      <ymin>173.0</ymin>
      <xmax>208.0</xmax>
      <ymax>211.0</ymax>
    </bndbox>
  </object>
</annotations>
