<?xml version='1.0' encoding='utf-8'?>
<annotations>
  <folder>images</folder>
  <filename>hard_hat_workers3692.png</filename>
  <object>
    <name>Helmet</name>
    <bndbox>
      <xmin>229.0</xmin>
      <ymin>135.0</ymin>
      <xmax>258.0</xmax>
      <ymax>164.0</ymax>
    </bndbox>
  </object>
  <object>
    <name>Helmet</name>
    <bndbox>
      <xmin>386.0</xmin>
      <ymin>128.0</ymin>
      <xmax>412.0</xmax>
      <ymax>156.0</ymax>
    </bndbox>
  </object>
  <object>
    <name>Helmet</name>
    <bndbox>
      <xmin>0.0</xmin>
      <ymin>135.0</ymin>
      <xmax>14.0</xmax>
      <ymax>156.0</ymax>
    </bndbox>
  </object>
  <object>
    <name>Helmet</name>
    <bndbox>
      <xmin>374.0</xmin>
      <ymin>135.0</ymin>
      <xmax>391.0</xmax>
      <ymax>155.0</ymax>
    </bndbox>
  </object>
</annotations>
