<?xml version='1.0' encoding='utf-8'?>
<annotations>
  <folder>images</folder>
  <filename>hard_hat_workers1578.png</filename>
  <object>
    <name>Helmet</name>
    <bndbox>
      <xmin>285.0</xmin>
      <ymin>36.0</ymin>
      <xmax>321.0</xmax>
      <ymax>87.0</ymax>
    </bndbox>
  </object>
  <object>
    <name>Helmet</name>
    <bndbox>
      <xmin>285.0</xmin>
      <ymin>124.0</ymin>
      <xmax>321.0</xmax>
      <ymax>172.0</ymax>
    </bndbox>
  </object>
  <object>
    <name>Helmet</name>
    <bndbox>
      <xmin>206.0</xmin>
      <ymin>36.0</ymin>
      <xmax>243.0</xmax>
      <ymax>85.0</ymax>
    </bndbox>
  </object>
  <object>
    <name>Helmet</name>
    <bndbox>
      <xmin>205.0</xmin>
      <ymin>124.0</ymin>
      <xmax>243.0</xmax>
      <ymax>175.0</ymax>
    </bndbox>
  </object>
</annotations>
