<?xml version='1.0' encoding='utf-8'?>
<annotations>
  <folder>images</folder>
  <filename>hard_hat_workers986.png</filename>
  <object>
    <name>Helmet</name>
    <bndbox>
      <xmin>112.0</xmin>
      <ymin>187.0</ymin>
      <xmax>152.0</xmax>
      <ymax>235.0</ymax>
    </bndbox>
  </object>
  <object>
    <name>Helmet</name>
    <bndbox>
      <xmin>291.0</xmin>
      <ymin>156.0</ymin>
      <xmax>324.0</xmax>
      <ymax>197.0</ymax>
    </bndbox>
  </object>
  <object>
    <name>Person</name>
    <bndbox>
      <xmin>81.0</xmin>
      <ymin>187.0</ymin>
      <xmax>187.0</xmax>
      <ymax>352.0</ymax>
    </bndbox>
  </object>
  <object>
    <name>Person</name>
    <bndbox>
      <xmin>87.0</xmin>
      <ymin>352.0</ymin>
      <xmax>175.0</xmax>
      <ymax>415.0</ymax>
    </bndbox>
  </object>
</annotations>
