<?xml version='1.0' encoding='utf-8'?>
<annotations>
  <folder>images</folder>
  <filename>hard_hat_workers4770.png</filename>
  <object>
    <name>Helmet</name>
    <bndbox>
      <xmin>221.0</xmin>
      <ymin>60.0</ymin>
      <xmax>287.0</xmax>
      <ymax>145.0</ymax>
    </bndbox>
  </object>
  <object>
    <name>Helmet</name>
    <bndbox>
      <xmin>220.0</xmin>
      <ymin>0.0</ymin>
      <xmax>289.0</xmax>
      <ymax>51.0</ymax>
    </bndbox>
  </object>
  <object>
    <name>Head</name>
    <bndbox>
      <xmin>1.0</xmin>
      <ymin>91.0</ymin>
      <xmax>46.0</xmax>
      <ymax>184.0</ymax>
    </bndbox>
  </object>
  <object>
    <name>Helmet</name>
    <bndbox>
      <xmin>363.0</xmin>
      <ymin>0.0</ymin>
      <xmax>416.0</xmax>
      <ymax>57.0</ymax>
    </bndbox>
  </object>
</annotations>
