<?xml version='1.0' encoding='utf-8'?>
<annotations>
  <folder>images</folder>
  <filename>hard_hat_workers3578.png</filename>
  <object>
    <name>Helmet</name>
    <bndbox>
      <xmin>160.0</xmin>
      <ymin>106.0</ymin>
      <xmax>203.0</xmax>
      <ymax>160.0</ymax>
    </bndbox>
  </object>
  <object>
    <name>Head</name>
    <bndbox>
      <xmin>304.0</xmin>
      <ymin>165.0</ymin>
      <xmax>324.0</xmax>
      <ymax>188.0</ymax>
    </bndbox>
  </object>
  <object>
    <name>Head</name>
    <bndbox>
      <xmin>350.0</xmin>
      <ymin>132.0</ymin>
      <xmax>389.0</xmax>
      <ymax>171.0</ymax>
    </bndbox>
  </object>
  <object>
    <name>Head</name>
    <bndbox>
      <xmin>359.0</xmin>
      <ymin>144.0</ymin>
      <xmax>387.0</xmax>
      <ymax>171.0</ymax>
    </bndbox>
  </object>
</annotations>
