<?xml version='1.0' encoding='utf-8'?>
<annotations>
  <folder>images</folder>
  <filename>hard_hat_workers2019.png</filename>
  <object>
    <name>Helmet</name>
    <bndbox>
      <xmin>253.0</xmin>
      <ymin>155.0</ymin>
      <xmax>285.0</xmax>
      <ymax>186.0</ymax>
    </bndbox>
  </object>
  <object>
    <name>Helmet</name>
    <bndbox>
      <xmin>311.0</xmin>
      <ymin>240.0</ymin>
      <xmax>340.0</xmax>
      <ymax>265.0</ymax>
    </bndbox>
  </object>
  <object>
    <name>Helmet</name>
    <bndbox>
      <xmin>253.0</xmin>
      <ymin>2.0</ymin>
      <xmax>285.0</xmax>
      <ymax>28.0</ymax>
    </bndbox>
  </object>
  <object>
    <name>Helmet</name>
    <bndbox>
      <xmin>164.0</xmin>
      <ymin>163.0</ymin>
      <xmax>187.0</xmax>
      <ymax>190.0</ymax>
    </bndbox>
  </object>
</annotations>
