<?xml version='1.0' encoding='utf-8'?>
<annotations>
  <folder>images</folder>
  <filename>hard_hat_workers1703.png</filename>
  <object>
    <name>Helmet</name>
    <bndbox>
      <xmin>120.0</xmin>
      <ymin>185.0</ymin>
      <xmax>142.0</xmax>
      <ymax>213.0</ymax>
    </bndbox>
  </object>
  <object>
    <name>Helmet</name>
    <bndbox>
      <xmin>66.0</xmin>
      <ymin>182.0</ymin>
      <xmax>88.0</xmax>
      <ymax>209.0</ymax>
    </bndbox>
  </object>
  <object>
    <name>Helmet</name>
    <bndbox>
      <xmin>160.0</xmin>
      <ymin>177.0</ymin>
      <xmax>180.0</xmax>
      <ymax>201.0</ymax>
    </bndbox>
  </object>
  <object>
    <name>Helmet</name>
    <bndbox>
      <xmin>88.0</xmin>
      <ymin>178.0</ymin>
      <xmax>106.0</xmax>
      <ymax>204.0</ymax>
    </bndbox>
  </object>
</annotations>
