<?xml version='1.0' encoding='utf-8'?>
<annotations>
  <folder>images</folder>
  <filename>hard_hat_workers91.png</filename>
  <object>
    <name>Helmet</name>
    <bndbox>
      <xmin>180.0</xmin>
      <ymin>0.0</ymin>
      <xmax>226.0</xmax>
      <ymax>47.0</ymax>
    </bndbox>
  </object>
  <object>
    <name>Helmet</name>
    <bndbox>
      <xmin>179.0</xmin>
      <ymin>105.0</ymin>
      <xmax>225.0</xmax>
      <ymax>162.0</ymax>
    </bndbox>
  </object>
  <object>
    <name>Helmet</name>
    <bndbox>
      <xmin>32.0</xmin>
      <ymin>131.0</ymin>
      <xmax>103.0</xmax>
      <ymax>215.0</ymax>
    </bndbox>
  </object>
  <object>
    <name>Helmet</name>
    <bndbox>
      <xmin>266.0</xmin>
      <ymin>128.0</ymin>
      <xmax>330.0</xmax>
      <ymax>207.0</ymax>
    </bndbox>
  </object>
</annotations>
