<?xml version='1.0' encoding='utf-8'?>
<annotations>
  <folder>images</folder>
  <filename>hard_hat_workers2961.png</filename>
  <object>
    <name>Helmet</name>
    <bndbox>
      <xmin>141.0</xmin>
      <ymin>86.0</ymin>
      <xmax>163.0</xmax>
      <ymax>112.0</ymax>
    </bndbox>
  </object>
  <object>
    <name>Helmet</name>
    <bndbox>
      <xmin>142.0</xmin>
      <ymin>14.0</ymin>
      <xmax>163.0</xmax>
      <ymax>39.0</ymax>
    </bndbox>
  </object>
  <object>
    <name>Helmet</name>
    <bndbox>
      <xmin>119.0</xmin>
      <ymin>230.0</ymin>
      <xmax>141.0</xmax>
      <ymax>255.0</ymax>
    </bndbox>
  </object>
  <object>
    <name>Helmet</name>
    <bndbox>
      <xmin>214.0</xmin>
      <ymin>93.0</ymin>
      <xmax>236.0</xmax>
      <ymax>116.0</ymax>
    </bndbox>
  </object>
</annotations>
