<?xml version='1.0' encoding='utf-8'?>
<annotations>
  <folder>images</folder>
  <filename>hard_hat_workers306.png</filename>
  <object>
    <name>Head</name>
    <bndbox>
      <xmin>378.0</xmin>
      <ymin>170.0</ymin>
      <xmax>416.0</xmax>
      <ymax>221.0</ymax>
    </bndbox>
  </object>
  <object>
    <name>Head</name>
    <bndbox>
      <xmin>3.0</xmin>
      <ymin>157.0</ymin>
      <xmax>47.0</xmax>
      <ymax>211.0</ymax>
    </bndbox>
  </object>
  <object>
    <name>Head</name>
    <bndbox>
      <xmin>1.0</xmin>
      <ymin>0.0</ymin>
      <xmax>46.0</xmax>
      <ymax>49.0</ymax>
    </bndbox>
  </object>
  <object>
    <name>Head</name>
    <bndbox>
      <xmin>381.0</xmin>
      <ymin>0.0</ymin>
      <xmax>415.0</xmax>
      <ymax>37.0</ymax>
    </bndbox>
  </object>
</annotations>
