<?xml version='1.0' encoding='utf-8'?>
<annotations>
  <folder>images</folder>
  <filename>hard_hat_workers438.png</filename>
  <object>
    <name>Helmet</name>
    <bndbox>
      <xmin>147.0</xmin>
      <ymin>286.0</ymin>
      <xmax>201.0</xmax>
      <ymax>347.0</ymax>
    </bndbox>
  </object>
  <object>
    <name>Helmet</name>
    <bndbox>
      <xmin>210.0</xmin>
      <ymin>40.0</ymin>
      <xmax>242.0</xmax>
      <ymax>81.0</ymax>
    </bndbox>
  </object>
  <object>
    <name>Helmet</name>
    <bndbox>
      <xmin>147.0</xmin>
      <ymin>43.0</ymin>
      <xmax>167.0</xmax>
      <ymax>66.0</ymax>
    </bndbox>
  </object>
  <object>
    <name>Person</name>
    <bndbox>
      <xmin>189.0</xmin>
      <ymin>35.0</ymin>
      <xmax>272.0</xmax>
      <ymax>237.0</ymax>
    </bndbox>
  </object>
</annotations>
