<?xml version='1.0' encoding='utf-8'?>
<annotations>
  <folder>images</folder>
  <filename>hard_hat_workers179.png</filename>
  <object>
    <name>Helmet</name>
    <bndbox>
      <xmin>284.0</xmin>
      <ymin>140.0</ymin>
      <xmax>315.0</xmax>
      <ymax>182.0</ymax>
    </bndbox>
  </object>
  <object>
    <name>Head</name>
    <bndbox>
      <xmin>0.0</xmin>
      <ymin>151.0</ymin>
      <xmax>32.0</xmax>
      <ymax>193.0</ymax>
    </bndbox>
  </object>
  <object>
    <name>Head</name>
    <bndbox>
      <xmin>178.0</xmin>
      <ymin>153.0</ymin>
      <xmax>215.0</xmax>
      <ymax>200.0</ymax>
    </bndbox>
  </object>
  <object>
    <name>Head</name>
    <bndbox>
      <xmin>326.0</xmin>
      <ymin>125.0</ymin>
      <xmax>380.0</xmax>
      <ymax>189.0</ymax>
    </bndbox>
  </object>
</annotations>
