<?xml version='1.0' encoding='utf-8'?>
<annotations>
  <folder>images</folder>
  <filename>hard_hat_workers805.png</filename>
  <object>
    <name>Helmet</name>
    <bndbox>
      <xmin>169.0</xmin>
      <ymin>199.0</ymin>
      <xmax>182.0</xmax>
      <ymax>214.0</ymax>
    </bndbox>
  </object>
  <object>
    <name>Helmet</name>
    <bndbox>
      <xmin>153.0</xmin>
      <ymin>205.0</ymin>
      <xmax>164.0</xmax>
      <ymax>218.0</ymax>
    </bndbox>
  </object>
  <object>
    <name>Helmet</name>
    <bndbox>
      <xmin>121.0</xmin>
      <ymin>200.0</ymin>
      <xmax>133.0</xmax>
      <ymax>212.0</ymax>
    </bndbox>
  </object>
  <object>
    <name>Helmet</name>
    <bndbox>
      <xmin>118.0</xmin>
      <ymin>200.0</ymin>
      <xmax>128.0</xmax>
      <ymax>212.0</ymax>
    </bndbox>
  </object>
</annotations>
