<?xml version='1.0' encoding='utf-8'?>
<annotations>
  <folder>images</folder>
  <filename>hard_hat_workers3641.png</filename>
  <object>
    <name>Helmet</name>
    <bndbox>
      <xmin>84.0</xmin>
      <ymin>151.0</ymin>
      <xmax>111.0</xmax>
      <ymax>180.0</ymax>
    </bndbox>
  </object>
  <object>
    <name>Helmet</name>
    <bndbox>
      <xmin>119.0</xmin>
      <ymin>179.0</ymin>
      <xmax>150.0</xmax>
      <ymax>208.0</ymax>
    </bndbox>
  </object>
  <object>
    <name>Helmet</name>
    <bndbox>
      <xmin>163.0</xmin>
      <ymin>187.0</ymin>
      <xmax>180.0</xmax>
      <ymax>203.0</ymax>
    </bndbox>
  </object>
  <object>
    <name>Helmet</name>
    <bndbox>
      <xmin>340.0</xmin>
      <ymin>113.0</ymin>
      <xmax>357.0</xmax>
      <ymax>129.0</ymax>
    </bndbox>
  </object>
</annotations>
