<?xml version='1.0' encoding='utf-8'?>
<annotations>
  <folder>images</folder>
  <filename>hard_hat_workers2441.png</filename>
  <object>
    <name>Helmet</name>
    <bndbox>
      <xmin>216.0</xmin>
      <ymin>120.0</ymin>
      <xmax>248.0</xmax>
      <ymax>158.0</ymax>
    </bndbox>
  </object>
  <object>
    <name>Helmet</name>
    <bndbox>
      <xmin>246.0</xmin>
      <ymin>111.0</ymin>
      <xmax>283.0</xmax>
      <ymax>146.0</ymax>
    </bndbox>
  </object>
  <object>
    <name>Helmet</name>
    <bndbox>
      <xmin>107.0</xmin>
      <ymin>19.0</ymin>
      <xmax>129.0</xmax>
      <ymax>46.0</ymax>
    </bndbox>
  </object>
  <object>
    <name>Head</name>
    <bndbox>
      <xmin>391.0</xmin>
      <ymin>132.0</ymin>
      <xmax>415.0</xmax>
      <ymax>180.0</ymax>
    </bndbox>
  </object>
</annotations>
