<?xml version='1.0' encoding='utf-8'?>
<annotations>
  <folder>images</folder>
  <filename>hard_hat_workers2171.png</filename>
  <object>
    <name>Helmet</name>
    <bndbox>
      <xmin>77.0</xmin>
      <ymin>212.0</ymin>
      <xmax>155.0</xmax>
      <ymax>296.0</ymax>
    </bndbox>
  </object>
  <object>
    <name>Head</name>
    <bndbox>
      <xmin>62.0</xmin>
      <ymin>31.0</ymin>
      <xmax>107.0</xmax>
      <ymax>85.0</ymax>
    </bndbox>
  </object>
  <object>
    <name>Head</name>
    <bndbox>
      <xmin>292.0</xmin>
      <ymin>54.0</ymin>
      <xmax>364.0</xmax>
      <ymax>147.0</ymax>
    </bndbox>
  </object>
  <object>
    <name>Head</name>
    <bndbox>
      <xmin>239.0</xmin>
      <ymin>57.0</ymin>
      <xmax>273.0</xmax>
      <ymax>99.0</ymax>
    </bndbox>
  </object>
</annotations>
