<?xml version='1.0' encoding='utf-8'?>
<annotations>
  <folder>images</folder>
  <filename>hard_hat_workers1697.png</filename>
  <object>
    <name>Helmet</name>
    <bndbox>
      <xmin>186.0</xmin>
      <ymin>221.0</ymin>
      <xmax>218.0</xmax>
      <ymax>258.0</ymax>
    </bndbox>
  </object>
  <object>
    <name>Helmet</name>
    <bndbox>
      <xmin>0.0</xmin>
      <ymin>219.0</ymin>
      <xmax>30.0</xmax>
      <ymax>258.0</ymax>
    </bndbox>
  </object>
  <object>
    <name>Helmet</name>
    <bndbox>
      <xmin>37.0</xmin>
      <ymin>220.0</ymin>
      <xmax>70.0</xmax>
      <ymax>258.0</ymax>
    </bndbox>
  </object>
  <object>
    <name>Helmet</name>
    <bndbox>
      <xmin>104.0</xmin>
      <ymin>223.0</ymin>
      <xmax>131.0</xmax>
      <ymax>257.0</ymax>
    </bndbox>
  </object>
</annotations>
