<?xml version='1.0' encoding='utf-8'?>
<annotations>
  <folder>images</folder>
  <filename>hard_hat_workers2332.png</filename>
  <object>
    <name>Helmet</name>
    <bndbox>
      <xmin>95.0</xmin>
      <ymin>145.0</ymin>
      <xmax>123.0</xmax>
      <ymax>175.0</ymax>
    </bndbox>
  </object>
  <object>
    <name>Helmet</name>
    <bndbox>
      <xmin>198.0</xmin>
      <ymin>154.0</ymin>
      <xmax>224.0</xmax>
      <ymax>177.0</ymax>
    </bndbox>
  </object>
  <object>
    <name>Helmet</name>
    <bndbox>
      <xmin>365.0</xmin>
      <ymin>80.0</ymin>
      <xmax>381.0</xmax>
      <ymax>99.0</ymax>
    </bndbox>
  </object>
  <object>
    <name>Helmet</name>
    <bndbox>
      <xmin>235.0</xmin>
      <ymin>5.0</ymin>
      <xmax>388.0</xmax>
      <ymax>58.0</ymax>
    </bndbox>
  </object>
</annotations>
