<?xml version='1.0' encoding='utf-8'?>
<annotations>
  <folder>images</folder>
  <filename>hard_hat_workers2496.png</filename>
  <object>
    <name>Helmet</name>
    <bndbox>
      <xmin>97.0</xmin>
      <ymin>92.0</ymin>
      <xmax>137.0</xmax>
      <ymax>142.0</ymax>
    </bndbox>
  </object>
  <object>
    <name>Helmet</name>
    <bndbox>
      <xmin>94.0</xmin>
      <ymin>0.0</ymin>
      <xmax>139.0</xmax>
      <ymax>49.0</ymax>
    </bndbox>
  </object>
  <object>
    <name>Helmet</name>
    <bndbox>
      <xmin>170.0</xmin>
      <ymin>134.0</ymin>
      <xmax>206.0</xmax>
      <ymax>180.0</ymax>
    </bndbox>
  </object>
  <object>
    <name>Head</name>
    <bndbox>
      <xmin>390.0</xmin>
      <ymin>24.0</ymin>
      <xmax>415.0</xmax>
      <ymax>71.0</ymax>
    </bndbox>
  </object>
</annotations>
