<?xml version='1.0' encoding='utf-8'?>
<annotations>
  <folder>images</folder>
  <filename>hard_hat_workers4996.png</filename>
  <object>
    <name>Helmet</name>
    <bndbox>
      <xmin>54.0</xmin>
      <ymin>195.0</ymin>
      <xmax>72.0</xmax>
      <ymax>215.0</ymax>
    </bndbox>
  </object>
  <object>
    <name>Helmet</name>
    <bndbox>
      <xmin>302.0</xmin>
      <ymin>188.0</ymin>
      <xmax>320.0</xmax>
      <ymax>207.0</ymax>
    </bndbox>
  </object>
  <object>
    <name>Helmet</name>
    <bndbox>
      <xmin>191.0</xmin>
      <ymin>291.0</ymin>
      <xmax>208.0</xmax>
      <ymax>308.0</ymax>
    </bndbox>
  </object>
  <object>
    <name>Helmet</name>
    <bndbox>
      <xmin>383.0</xmin>
      <ymin>281.0</ymin>
      <xmax>393.0</xmax>
      <ymax>292.0</ymax>
    </bndbox>
  </object>
</annotations>
