<?xml version='1.0' encoding='utf-8'?>
<annotations>
  <folder>images</folder>
  <filename>hard_hat_workers710.png</filename>
  <object>
    <name>Helmet</name>
    <bndbox>
      <xmin>368.0</xmin>
      <ymin>134.0</ymin>
      <xmax>390.0</xmax>
      <ymax>157.0</ymax>
    </bndbox>
  </object>
  <object>
    <name>Helmet</name>
    <bndbox>
      <xmin>293.0</xmin>
      <ymin>157.0</ymin>
      <xmax>316.0</xmax>
      <ymax>181.0</ymax>
    </bndbox>
  </object>
  <object>
    <name>Helmet</name>
    <bndbox>
      <xmin>264.0</xmin>
      <ymin>167.0</ymin>
      <xmax>282.0</xmax>
      <ymax>188.0</ymax>
    </bndbox>
  </object>
  <object>
    <name>Helmet</name>
    <bndbox>
      <xmin>370.0</xmin>
      <ymin>80.0</ymin>
      <xmax>389.0</xmax>
      <ymax>99.0</ymax>
    </bndbox>
  </object>
</annotations>
