<?xml version='1.0' encoding='utf-8'?>
<annotations>
  <folder>images</folder>
  <filename>hard_hat_workers3044.png</filename>
  <object>
    <name>Helmet</name>
    <bndbox>
      <xmin>171.0</xmin>
      <ymin>4.0</ymin>
      <xmax>193.0</xmax>
      <ymax>27.0</ymax>
    </bndbox>
  </object>
  <object>
    <name>Helmet</name>
    <bndbox>
      <xmin>171.0</xmin>
      <ymin>153.0</ymin>
      <xmax>193.0</xmax>
      <ymax>176.0</ymax>
    </bndbox>
  </object>
  <object>
    <name>Helmet</name>
    <bndbox>
      <xmin>129.0</xmin>
      <ymin>17.0</ymin>
      <xmax>149.0</xmax>
      <ymax>38.0</ymax>
    </bndbox>
  </object>
  <object>
    <name>Helmet</name>
    <bndbox>
      <xmin>129.0</xmin>
      <ymin>142.0</ymin>
      <xmax>148.0</xmax>
      <ymax>163.0</ymax>
    </bndbox>
  </object>
</annotations>
