<?xml version='1.0' encoding='utf-8'?>
<annotations>
  <folder>images</folder>
  <filename>hard_hat_workers3923.png</filename>
  <object>
    <name>Head</name>
    <bndbox>
      <xmin>145.0</xmin>
      <ymin>95.0</ymin>
      <xmax>184.0</xmax>
      <ymax>144.0</ymax>
    </bndbox>
  </object>
  <object>
    <name>Head</name>
    <bndbox>
      <xmin>239.0</xmin>
      <ymin>96.0</ymin>
      <xmax>275.0</xmax>
      <ymax>143.0</ymax>
    </bndbox>
  </object>
  <object>
    <name>Head</name>
    <bndbox>
      <xmin>77.0</xmin>
      <ymin>84.0</ymin>
      <xmax>125.0</xmax>
      <ymax>144.0</ymax>
    </bndbox>
  </object>
  <object>
    <name>Head</name>
    <bndbox>
      <xmin>0.0</xmin>
      <ymin>118.0</ymin>
      <xmax>18.0</xmax>
      <ymax>153.0</ymax>
    </bndbox>
  </object>
</annotations>
