<?xml version='1.0' encoding='utf-8'?>
<annotations>
  <folder>images</folder>
  <filename>hard_hat_workers663.png</filename>
  <object>
    <name>Helmet</name>
    <bndbox>
      <xmin>80.0</xmin>
      <ymin>81.0</ymin>
      <xmax>115.0</xmax>
      <ymax>121.0</ymax>
    </bndbox>
  </object>
  <object>
    <name>Helmet</name>
    <bndbox>
      <xmin>272.0</xmin>
      <ymin>143.0</ymin>
      <xmax>306.0</xmax>
      <ymax>183.0</ymax>
    </bndbox>
  </object>
  <object>
    <name>Helmet</name>
    <bndbox>
      <xmin>79.0</xmin>
      <ymin>16.0</ymin>
      <xmax>115.0</xmax>
      <ymax>57.0</ymax>
    </bndbox>
  </object>
  <object>
    <name>Helmet</name>
    <bndbox>
      <xmin>91.0</xmin>
      <ymin>132.0</ymin>
      <xmax>122.0</xmax>
      <ymax>164.0</ymax>
    </bndbox>
  </object>
</annotations>
