<?xml version='1.0' encoding='utf-8'?>
<annotations>
  <folder>images</folder>
  <filename>hard_hat_workers3890.png</filename>
  <object>
    <name>Helmet</name>
    <bndbox>
      <xmin>123.0</xmin>
      <ymin>29.0</ymin>
      <xmax>159.0</xmax>
      <ymax>80.0</ymax>
    </bndbox>
  </object>
  <object>
    <name>Helmet</name>
    <bndbox>
      <xmin>185.0</xmin>
      <ymin>74.0</ymin>
      <xmax>232.0</xmax>
      <ymax>134.0</ymax>
    </bndbox>
  </object>
  <object>
    <name>Helmet</name>
    <bndbox>
      <xmin>0.0</xmin>
      <ymin>30.0</ymin>
      <xmax>16.0</xmax>
      <ymax>78.0</ymax>
    </bndbox>
  </object>
  <object>
    <name>Person</name>
    <bndbox>
      <xmin>164.0</xmin>
      <ymin>74.0</ymin>
      <xmax>308.0</xmax>
      <ymax>353.0</ymax>
    </bndbox>
  </object>
</annotations>
