<?xml version='1.0' encoding='utf-8'?>
<annotations>
  <folder>images</folder>
  <filename>hard_hat_workers2093.png</filename>
  <object>
    <name>Helmet</name>
    <bndbox>
      <xmin>192.0</xmin>
      <ymin>106.0</ymin>
      <xmax>246.0</xmax>
      <ymax>174.0</ymax>
    </bndbox>
  </object>
  <object>
    <name>Helmet</name>
    <bndbox>
      <xmin>309.0</xmin>
      <ymin>81.0</ymin>
      <xmax>366.0</xmax>
      <ymax>153.0</ymax>
    </bndbox>
  </object>
  <object>
    <name>Helmet</name>
    <bndbox>
      <xmin>38.0</xmin>
      <ymin>127.0</ymin>
      <xmax>81.0</xmax>
      <ymax>181.0</ymax>
    </bndbox>
  </object>
  <object>
    <name>Helmet</name>
    <bndbox>
      <xmin>79.0</xmin>
      <ymin>107.0</ymin>
      <xmax>130.0</xmax>
      <ymax>169.0</ymax>
    </bndbox>
  </object>
</annotations>
