<?xml version='1.0' encoding='utf-8'?>
<annotations>
  <folder>images</folder>
  <filename>hard_hat_workers3383.png</filename>
  <object>
    <name>Helmet</name>
    <bndbox>
      <xmin>122.0</xmin>
      <ymin>89.0</ymin>
      <xmax>175.0</xmax>
      <ymax>156.0</ymax>
    </bndbox>
  </object>
  <object>
    <name>Helmet</name>
    <bndbox>
      <xmin>347.0</xmin>
      <ymin>102.0</ymin>
      <xmax>412.0</xmax>
      <ymax>186.0</ymax>
    </bndbox>
  </object>
  <object>
    <name>Helmet</name>
    <bndbox>
      <xmin>277.0</xmin>
      <ymin>103.0</ymin>
      <xmax>341.0</xmax>
      <ymax>186.0</ymax>
    </bndbox>
  </object>
  <object>
    <name>Head</name>
    <bndbox>
      <xmin>185.0</xmin>
      <ymin>147.0</ymin>
      <xmax>237.0</xmax>
      <ymax>215.0</ymax>
    </bndbox>
  </object>
</annotations>
