<?xml version='1.0' encoding='utf-8'?>
<annotations>
  <folder>images</folder>
  <filename>hard_hat_workers2113.png</filename>
  <object>
    <name>Head</name>
    <bndbox>
      <xmin>80.0</xmin>
      <ymin>178.0</ymin>
      <xmax>96.0</xmax>
      <ymax>198.0</ymax>
    </bndbox>
  </object>
  <object>
    <name>Head</name>
    <bndbox>
      <xmin>113.0</xmin>
      <ymin>176.0</ymin>
      <xmax>130.0</xmax>
      <ymax>196.0</ymax>
    </bndbox>
  </object>
  <object>
    <name>Head</name>
    <bndbox>
      <xmin>205.0</xmin>
      <ymin>176.0</ymin>
      <xmax>222.0</xmax>
      <ymax>196.0</ymax>
    </bndbox>
  </object>
  <object>
    <name>Head</name>
    <bndbox>
      <xmin>270.0</xmin>
      <ymin>182.0</ymin>
      <xmax>285.0</xmax>
      <ymax>201.0</ymax>
    </bndbox>
  </object>
</annotations>
