<?xml version='1.0' encoding='utf-8'?>
<annotations>
  <folder>images</folder>
  <filename>hard_hat_workers210.png</filename>
  <object>
    <name>Helmet</name>
    <bndbox>
      <xmin>278.0</xmin>
      <ymin>126.0</ymin>
      <xmax>324.0</xmax>
      <ymax>180.0</ymax>
    </bndbox>
  </object>
  <object>
    <name>Helmet</name>
    <bndbox>
      <xmin>75.0</xmin>
      <ymin>103.0</ymin>
      <xmax>126.0</xmax>
      <ymax>168.0</ymax>
    </bndbox>
  </object>
  <object>
    <name>Helmet</name>
    <bndbox>
      <xmin>183.0</xmin>
      <ymin>126.0</ymin>
      <xmax>222.0</xmax>
      <ymax>178.0</ymax>
    </bndbox>
  </object>
  <object>
    <name>Helmet</name>
    <bndbox>
      <xmin>0.0</xmin>
      <ymin>134.0</ymin>
      <xmax>47.0</xmax>
      <ymax>198.0</ymax>
    </bndbox>
  </object>
</annotations>
