<?xml version='1.0' encoding='utf-8'?>
<annotations>
  <folder>images</folder>
  <filename>hard_hat_workers1044.png</filename>
  <object>
    <name>Helmet</name>
    <bndbox>
      <xmin>155.0</xmin>
      <ymin>157.0</ymin>
      <xmax>181.0</xmax>
      <ymax>183.0</ymax>
    </bndbox>
  </object>
  <object>
    <name>Helmet</name>
    <bndbox>
      <xmin>250.0</xmin>
      <ymin>214.0</ymin>
      <xmax>265.0</xmax>
      <ymax>231.0</ymax>
    </bndbox>
  </object>
  <object>
    <name>Helmet</name>
    <bndbox>
      <xmin>233.0</xmin>
      <ymin>209.0</ymin>
      <xmax>246.0</xmax>
      <ymax>224.0</ymax>
    </bndbox>
  </object>
</annotations>
