<?xml version='1.0' encoding='utf-8'?>
<annotations>
  <folder>images</folder>
  <filename>hard_hat_workers302.png</filename>
  <object>
    <name>Head</name>
    <bndbox>
      <xmin>287.0</xmin>
      <ymin>125.0</ymin>
      <xmax>326.0</xmax>
      <ymax>170.0</ymax>
    </bndbox>
  </object>
  <object>
    <name>Head</name>
    <bndbox>
      <xmin>164.0</xmin>
      <ymin>125.0</ymin>
      <xmax>213.0</xmax>
      <ymax>184.0</ymax>
    </bndbox>
  </object>
  <object>
    <name>Head</name>
    <bndbox>
      <xmin>366.0</xmin>
      <ymin>0.0</ymin>
      <xmax>415.0</xmax>
      <ymax>60.0</ymax>
    </bndbox>
  </object>
  <object>
    <name>Head</name>
    <bndbox>
      <xmin>91.0</xmin>
      <ymin>0.0</ymin>
      <xmax>121.0</xmax>
      <ymax>41.0</ymax>
    </bndbox>
  </object>
</annotations>
