<?xml version='1.0' encoding='utf-8'?>
<annotations>
  <folder>images</folder>
  <filename>hard_hat_workers895.png</filename>
  <object>
    <name>Helmet</name>
    <bndbox>
      <xmin>89.0</xmin>
      <ymin>166.0</ymin>
      <xmax>101.0</xmax>
      <ymax>180.0</ymax>
    </bndbox>
  </object>
  <object>
    <name>Helmet</name>
    <bndbox>
      <xmin>153.0</xmin>
      <ymin>166.0</ymin>
      <xmax>165.0</xmax>
      <ymax>180.0</ymax>
    </bndbox>
  </object>
  <object>
    <name>Helmet</name>
    <bndbox>
      <xmin>121.0</xmin>
      <ymin>168.0</ymin>
      <xmax>131.0</xmax>
      <ymax>180.0</ymax>
    </bndbox>
  </object>
  <object>
    <name>Helmet</name>
    <bndbox>
      <xmin>133.0</xmin>
      <ymin>165.0</ymin>
      <xmax>145.0</xmax>
      <ymax>179.0</ymax>
    </bndbox>
  </object>
</annotations>
