<?xml version='1.0' encoding='utf-8'?>
<annotations>
  <folder>images</folder>
  <filename>hard_hat_workers2786.png</filename>
  <object>
    <name>Helmet</name>
    <bndbox>
      <xmin>346.0</xmin>
      <ymin>115.0</ymin>
      <xmax>410.0</xmax>
      <ymax>196.0</ymax>
    </bndbox>
  </object>
  <object>
    <name>Helmet</name>
    <bndbox>
      <xmin>278.0</xmin>
      <ymin>137.0</ymin>
      <xmax>320.0</xmax>
      <ymax>195.0</ymax>
    </bndbox>
  </object>
  <object>
    <name>Head</name>
    <bndbox>
      <xmin>172.0</xmin>
      <ymin>141.0</ymin>
      <xmax>221.0</xmax>
      <ymax>205.0</ymax>
    </bndbox>
  </object>
  <object>
    <name>Head</name>
    <bndbox>
      <xmin>68.0</xmin>
      <ymin>131.0</ymin>
      <xmax>118.0</xmax>
      <ymax>195.0</ymax>
    </bndbox>
  </object>
</annotations>
