<?xml version='1.0' encoding='utf-8'?>
<annotations>
  <folder>images</folder>
  <filename>hard_hat_workers4906.png</filename>
  <object>
    <name>Helmet</name>
    <bndbox>
      <xmin>182.0</xmin>
      <ymin>142.0</ymin>
      <xmax>223.0</xmax>
      <ymax>190.0</ymax>
    </bndbox>
  </object>
  <object>
    <name>Helmet</name>
    <bndbox>
      <xmin>223.0</xmin>
      <ymin>212.0</ymin>
      <xmax>246.0</xmax>
      <ymax>241.0</ymax>
    </bndbox>
  </object>
  <object>
    <name>Helmet</name>
    <bndbox>
      <xmin>188.0</xmin>
      <ymin>193.0</ymin>
      <xmax>225.0</xmax>
      <ymax>224.0</ymax>
    </bndbox>
  </object>
  <object>
    <name>Helmet</name>
    <bndbox>
      <xmin>246.0</xmin>
      <ymin>96.0</ymin>
      <xmax>346.0</xmax>
      <ymax>200.0</ymax>
    </bndbox>
  </object>
</annotations>
