<?xml version='1.0' encoding='utf-8'?>
<annotations>
  <folder>images</folder>
  <filename>hard_hat_workers1018.png</filename>
  <object>
    <name>Helmet</name>
    <bndbox>
      <xmin>80.0</xmin>
      <ymin>0.0</ymin>
      <xmax>125.0</xmax>
      <ymax>33.0</ymax>
    </bndbox>
  </object>
  <object>
    <name>Helmet</name>
    <bndbox>
      <xmin>79.0</xmin>
      <ymin>105.0</ymin>
      <xmax>126.0</xmax>
      <ymax>157.0</ymax>
    </bndbox>
  </object>
  <object>
    <name>Helmet</name>
    <bndbox>
      <xmin>184.0</xmin>
      <ymin>149.0</ymin>
      <xmax>243.0</xmax>
      <ymax>208.0</ymax>
    </bndbox>
  </object>
  <object>
    <name>Helmet</name>
    <bndbox>
      <xmin>89.0</xmin>
      <ymin>208.0</ymin>
      <xmax>145.0</xmax>
      <ymax>264.0</ymax>
    </bndbox>
  </object>
</annotations>
