<?xml version='1.0' encoding='utf-8'?>
<annotations>
  <folder>images</folder>
  <filename>hard_hat_workers4833.png</filename>
  <object>
    <name>Helmet</name>
    <bndbox>
      <xmin>71.0</xmin>
      <ymin>158.0</ymin>
      <xmax>94.0</xmax>
      <ymax>183.0</ymax>
    </bndbox>
  </object>
  <object>
    <name>Helmet</name>
    <bndbox>
      <xmin>45.0</xmin>
      <ymin>159.0</ymin>
      <xmax>61.0</xmax>
      <ymax>177.0</ymax>
    </bndbox>
  </object>
  <object>
    <name>Person</name>
    <bndbox>
      <xmin>63.0</xmin>
      <ymin>160.0</ymin>
      <xmax>115.0</xmax>
      <ymax>281.0</ymax>
    </bndbox>
  </object>
</annotations>
