<?xml version='1.0' encoding='utf-8'?>
<annotations>
  <folder>images</folder>
  <filename>hard_hat_workers3739.png</filename>
  <object>
    <name>Helmet</name>
    <bndbox>
      <xmin>163.0</xmin>
      <ymin>106.0</ymin>
      <xmax>188.0</xmax>
      <ymax>132.0</ymax>
    </bndbox>
  </object>
  <object>
    <name>Helmet</name>
    <bndbox>
      <xmin>252.0</xmin>
      <ymin>55.0</ymin>
      <xmax>270.0</xmax>
      <ymax>78.0</ymax>
    </bndbox>
  </object>
  <object>
    <name>Helmet</name>
    <bndbox>
      <xmin>124.0</xmin>
      <ymin>114.0</ymin>
      <xmax>151.0</xmax>
      <ymax>137.0</ymax>
    </bndbox>
  </object>
  <object>
    <name>Helmet</name>
    <bndbox>
      <xmin>128.0</xmin>
      <ymin>56.0</ymin>
      <xmax>147.0</xmax>
      <ymax>79.0</ymax>
    </bndbox>
  </object>
</annotations>
