<?xml version='1.0' encoding='utf-8'?>
<annotations>
  <folder>images</folder>
  <filename>hard_hat_workers1188.png</filename>
  <object>
    <name>Helmet</name>
    <bndbox>
      <xmin>94.0</xmin>
      <ymin>128.0</ymin>
      <xmax>133.0</xmax>
      <ymax>175.0</ymax>
    </bndbox>
  </object>
  <object>
    <name>Helmet</name>
    <bndbox>
      <xmin>333.0</xmin>
      <ymin>144.0</ymin>
      <xmax>381.0</xmax>
      <ymax>197.0</ymax>
    </bndbox>
  </object>
  <object>
    <name>Helmet</name>
    <bndbox>
      <xmin>263.0</xmin>
      <ymin>149.0</ymin>
      <xmax>298.0</xmax>
      <ymax>193.0</ymax>
    </bndbox>
  </object>
  <object>
    <name>Helmet</name>
    <bndbox>
      <xmin>176.0</xmin>
      <ymin>144.0</ymin>
      <xmax>208.0</xmax>
      <ymax>185.0</ymax>
    </bndbox>
  </object>
</annotations>
