<?xml version='1.0' encoding='utf-8'?>
<annotations>
  <folder>images</folder>
  <filename>hard_hat_workers4714.png</filename>
  <object>
    <name>Head</name>
    <bndbox>
      <xmin>45.0</xmin>
      <ymin>151.0</ymin>
      <xmax>70.0</xmax>
      <ymax>183.0</ymax>
    </bndbox>
  </object>
  <object>
    <name>Head</name>
    <bndbox>
      <xmin>200.0</xmin>
      <ymin>145.0</ymin>
      <xmax>222.0</xmax>
      <ymax>173.0</ymax>
    </bndbox>
  </object>
  <object>
    <name>Head</name>
    <bndbox>
      <xmin>140.0</xmin>
      <ymin>155.0</ymin>
      <xmax>162.0</xmax>
      <ymax>184.0</ymax>
    </bndbox>
  </object>
  <object>
    <name>Head</name>
    <bndbox>
      <xmin>301.0</xmin>
      <ymin>154.0</ymin>
      <xmax>320.0</xmax>
      <ymax>179.0</ymax>
    </bndbox>
  </object>
</annotations>
