<?xml version='1.0' encoding='utf-8'?>
<annotations>
  <folder>images</folder>
  <filename>hard_hat_workers581.png</filename>
  <object>
    <name>Helmet</name>
    <bndbox>
      <xmin>271.0</xmin>
      <ymin>2.0</ymin>
      <xmax>325.0</xmax>
      <ymax>65.0</ymax>
    </bndbox>
  </object>
  <object>
    <name>Helmet</name>
    <bndbox>
      <xmin>272.0</xmin>
      <ymin>74.0</ymin>
      <xmax>324.0</xmax>
      <ymax>139.0</ymax>
    </bndbox>
  </object>
  <object>
    <name>Helmet</name>
    <bndbox>
      <xmin>0.0</xmin>
      <ymin>272.0</ymin>
      <xmax>31.0</xmax>
      <ymax>327.0</ymax>
    </bndbox>
  </object>
</annotations>
