<?xml version='1.0' encoding='utf-8'?>
<annotations>
  <folder>images</folder>
  <filename>hard_hat_workers3554.png</filename>
  <object>
    <name>Helmet</name>
    <bndbox>
      <xmin>23.0</xmin>
      <ymin>0.0</ymin>
      <xmax>56.0</xmax>
      <ymax>31.0</ymax>
    </bndbox>
  </object>
  <object>
    <name>Helmet</name>
    <bndbox>
      <xmin>350.0</xmin>
      <ymin>110.0</ymin>
      <xmax>385.0</xmax>
      <ymax>155.0</ymax>
    </bndbox>
  </object>
  <object>
    <name>Helmet</name>
    <bndbox>
      <xmin>22.0</xmin>
      <ymin>105.0</ymin>
      <xmax>57.0</xmax>
      <ymax>149.0</ymax>
    </bndbox>
  </object>
  <object>
    <name>Helmet</name>
    <bndbox>
      <xmin>107.0</xmin>
      <ymin>123.0</ymin>
      <xmax>135.0</xmax>
      <ymax>158.0</ymax>
    </bndbox>
  </object>
</annotations>
