<?xml version='1.0' encoding='utf-8'?>
<annotations>
  <folder>images</folder>
  <filename>hard_hat_workers1918.png</filename>
  <object>
    <name>Helmet</name>
    <bndbox>
      <xmin>278.0</xmin>
      <ymin>217.0</ymin>
      <xmax>297.0</xmax>
      <ymax>241.0</ymax>
    </bndbox>
  </object>
  <object>
    <name>Helmet</name>
    <bndbox>
      <xmin>356.0</xmin>
      <ymin>224.0</ymin>
      <xmax>374.0</xmax>
      <ymax>245.0</ymax>
    </bndbox>
  </object>
  <object>
    <name>Helmet</name>
    <bndbox>
      <xmin>235.0</xmin>
      <ymin>232.0</ymin>
      <xmax>249.0</xmax>
      <ymax>249.0</ymax>
    </bndbox>
  </object>
  <object>
    <name>Helmet</name>
    <bndbox>
      <xmin>161.0</xmin>
      <ymin>2.0</ymin>
      <xmax>185.0</xmax>
      <ymax>27.0</ymax>
    </bndbox>
  </object>
</annotations>
