<?xml version='1.0' encoding='utf-8'?>
<annotations>
  <folder>images</folder>
  <filename>hard_hat_workers2554.png</filename>
  <object>
    <name>Helmet</name>
    <bndbox>
      <xmin>267.0</xmin>
      <ymin>73.0</ymin>
      <xmax>322.0</xmax>
      <ymax>124.0</ymax>
    </bndbox>
  </object>
  <object>
    <name>Helmet</name>
    <bndbox>
      <xmin>84.0</xmin>
      <ymin>155.0</ymin>
      <xmax>120.0</xmax>
      <ymax>190.0</ymax>
    </bndbox>
  </object>
  <object>
    <name>Helmet</name>
    <bndbox>
      <xmin>263.0</xmin>
      <ymin>5.0</ymin>
      <xmax>322.0</xmax>
      <ymax>64.0</ymax>
    </bndbox>
  </object>
  <object>
    <name>Helmet</name>
    <bndbox>
      <xmin>209.0</xmin>
      <ymin>145.0</ymin>
      <xmax>237.0</xmax>
      <ymax>175.0</ymax>
    </bndbox>
  </object>
</annotations>
