<?xml version='1.0' encoding='utf-8'?>
<annotations>
  <folder>images</folder>
  <filename>hard_hat_workers651.png</filename>
  <object>
    <name>Helmet</name>
    <bndbox>
      <xmin>110.0</xmin>
      <ymin>168.0</ymin>
      <xmax>143.0</xmax>
      <ymax>198.0</ymax>
    </bndbox>
  </object>
  <object>
    <name>Helmet</name>
    <bndbox>
      <xmin>238.0</xmin>
      <ymin>170.0</ymin>
      <xmax>255.0</xmax>
      <ymax>189.0</ymax>
    </bndbox>
  </object>
  <object>
    <name>Helmet</name>
    <bndbox>
      <xmin>140.0</xmin>
      <ymin>206.0</ymin>
      <xmax>163.0</xmax>
      <ymax>233.0</ymax>
    </bndbox>
  </object>
</annotations>
