<?xml version='1.0' encoding='utf-8'?>
<annotations>
  <folder>images</folder>
  <filename>hard_hat_workers2003.png</filename>
  <object>
    <name>Helmet</name>
    <bndbox>
      <xmin>126.0</xmin>
      <ymin>257.0</ymin>
      <xmax>160.0</xmax>
      <ymax>294.0</ymax>
    </bndbox>
  </object>
  <object>
    <name>Head</name>
    <bndbox>
      <xmin>43.0</xmin>
      <ymin>262.0</ymin>
      <xmax>77.0</xmax>
      <ymax>298.0</ymax>
    </bndbox>
  </object>
  <object>
    <name>Helmet</name>
    <bndbox>
      <xmin>35.0</xmin>
      <ymin>11.0</ymin>
      <xmax>74.0</xmax>
      <ymax>53.0</ymax>
    </bndbox>
  </object>
  <object>
    <name>Head</name>
    <bndbox>
      <xmin>31.0</xmin>
      <ymin>277.0</ymin>
      <xmax>78.0</xmax>
      <ymax>345.0</ymax>
    </bndbox>
  </object>
</annotations>
