<?xml version='1.0' encoding='utf-8'?>
<annotations>
  <folder>images</folder>
  <filename>hard_hat_workers2985.png</filename>
  <object>
    <name>Helmet</name>
    <bndbox>
      <xmin>169.0</xmin>
      <ymin>164.0</ymin>
      <xmax>191.0</xmax>
      <ymax>191.0</ymax>
    </bndbox>
  </object>
  <object>
    <name>Helmet</name>
    <bndbox>
      <xmin>330.0</xmin>
      <ymin>144.0</ymin>
      <xmax>356.0</xmax>
      <ymax>178.0</ymax>
    </bndbox>
  </object>
  <object>
    <name>Helmet</name>
    <bndbox>
      <xmin>33.0</xmin>
      <ymin>151.0</ymin>
      <xmax>57.0</xmax>
      <ymax>180.0</ymax>
    </bndbox>
  </object>
  <object>
    <name>Helmet</name>
    <bndbox>
      <xmin>105.0</xmin>
      <ymin>164.0</ymin>
      <xmax>125.0</xmax>
      <ymax>189.0</ymax>
    </bndbox>
  </object>
</annotations>
