<?xml version='1.0' encoding='utf-8'?>
<annotations>
  <folder>images</folder>
  <filename>hard_hat_workers4753.png</filename>
  <object>
    <name>Head</name>
    <bndbox>
      <xmin>160.0</xmin>
      <ymin>190.0</ymin>
      <xmax>181.0</xmax>
      <ymax>215.0</ymax>
    </bndbox>
  </object>
  <object>
    <name>Helmet</name>
    <bndbox>
      <xmin>77.0</xmin>
      <ymin>188.0</ymin>
      <xmax>101.0</xmax>
      <ymax>217.0</ymax>
    </bndbox>
  </object>
  <object>
    <name>Head</name>
    <bndbox>
      <xmin>239.0</xmin>
      <ymin>192.0</ymin>
      <xmax>261.0</xmax>
      <ymax>220.0</ymax>
    </bndbox>
  </object>
  <object>
    <name>Head</name>
    <bndbox>
      <xmin>77.0</xmin>
      <ymin>188.0</ymin>
      <xmax>101.0</xmax>
      <ymax>217.0</ymax>
    </bndbox>
  </object>
</annotations>
