<?xml version='1.0' encoding='utf-8'?>
<annotations>
  <folder>images</folder>
  <filename>hard_hat_workers925.png</filename>
  <object>
    <name>Helmet</name>
    <bndbox>
      <xmin>102.0</xmin>
      <ymin>253.0</ymin>
      <xmax>135.0</xmax>
      <ymax>295.0</ymax>
    </bndbox>
  </object>
  <object>
    <name>Helmet</name>
    <bndbox>
      <xmin>387.0</xmin>
      <ymin>198.0</ymin>
      <xmax>414.0</xmax>
      <ymax>234.0</ymax>
    </bndbox>
  </object>
  <object>
    <name>Head</name>
    <bndbox>
      <xmin>23.0</xmin>
      <ymin>257.0</ymin>
      <xmax>54.0</xmax>
      <ymax>291.0</ymax>
    </bndbox>
  </object>
  <object>
    <name>Head</name>
    <bndbox>
      <xmin>170.0</xmin>
      <ymin>222.0</ymin>
      <xmax>196.0</xmax>
      <ymax>253.0</ymax>
    </bndbox>
  </object>
</annotations>
