<?xml version='1.0' encoding='utf-8'?>
<annotations>
  <folder>images</folder>
  <filename>hard_hat_workers3695.png</filename>
  <object>
    <name>Helmet</name>
    <bndbox>
      <xmin>267.0</xmin>
      <ymin>25.0</ymin>
      <xmax>295.0</xmax>
      <ymax>59.0</ymax>
    </bndbox>
  </object>
  <object>
    <name>Helmet</name>
    <bndbox>
      <xmin>267.0</xmin>
      <ymin>83.0</ymin>
      <xmax>296.0</xmax>
      <ymax>119.0</ymax>
    </bndbox>
  </object>
  <object>
    <name>Helmet</name>
    <bndbox>
      <xmin>142.0</xmin>
      <ymin>153.0</ymin>
      <xmax>160.0</xmax>
      <ymax>174.0</ymax>
    </bndbox>
  </object>
  <object>
    <name>Helmet</name>
    <bndbox>
      <xmin>110.0</xmin>
      <ymin>166.0</ymin>
      <xmax>125.0</xmax>
      <ymax>184.0</ymax>
    </bndbox>
  </object>
</annotations>
