<?xml version='1.0' encoding='utf-8'?>
<annotations>
  <folder>images</folder>
  <filename>hard_hat_workers4238.png</filename>
  <object>
    <name>Helmet</name>
    <bndbox>
      <xmin>205.0</xmin>
      <ymin>102.0</ymin>
      <xmax>399.0</xmax>
      <ymax>294.0</ymax>
    </bndbox>
  </object>
  <object>
    <name>Helmet</name>
    <bndbox>
      <xmin>200.0</xmin>
      <ymin>1.0</ymin>
      <xmax>388.0</xmax>
      <ymax>73.0</ymax>
    </bndbox>
  </object>
  <object>
    <name>Helmet</name>
    <bndbox>
      <xmin>1.0</xmin>
      <ymin>331.0</ymin>
      <xmax>43.0</xmax>
      <ymax>416.0</ymax>
    </bndbox>
  </object>
  <object>
    <name>Person</name>
    <bndbox>
      <xmin>28.0</xmin>
      <ymin>92.0</ymin>
      <xmax>407.0</xmax>
      <ymax>366.0</ymax>
    </bndbox>
  </object>
</annotations>
