<?xml version='1.0' encoding='utf-8'?>
<annotations>
  <folder>images</folder>
  <filename>hard_hat_workers3030.png</filename>
  <object>
    <name>Helmet</name>
    <bndbox>
      <xmin>62.0</xmin>
      <ymin>1.0</ymin>
      <xmax>120.0</xmax>
      <ymax>66.0</ymax>
    </bndbox>
  </object>
  <object>
    <name>Helmet</name>
    <bndbox>
      <xmin>60.0</xmin>
      <ymin>74.0</ymin>
      <xmax>120.0</xmax>
      <ymax>153.0</ymax>
    </bndbox>
  </object>
  <object>
    <name>Person</name>
    <bndbox>
      <xmin>8.0</xmin>
      <ymin>67.0</ymin>
      <xmax>268.0</xmax>
      <ymax>355.0</ymax>
    </bndbox>
  </object>
</annotations>
