<?xml version='1.0' encoding='utf-8'?>
<annotations>
  <folder>images</folder>
  <filename>hard_hat_workers832.png</filename>
  <object>
    <name>Helmet</name>
    <bndbox>
      <xmin>290.0</xmin>
      <ymin>138.0</ymin>
      <xmax>332.0</xmax>
      <ymax>191.0</ymax>
    </bndbox>
  </object>
  <object>
    <name>Helmet</name>
    <bndbox>
      <xmin>143.0</xmin>
      <ymin>153.0</ymin>
      <xmax>194.0</xmax>
      <ymax>215.0</ymax>
    </bndbox>
  </object>
  <object>
    <name>Helmet</name>
    <bndbox>
      <xmin>380.0</xmin>
      <ymin>157.0</ymin>
      <xmax>416.0</xmax>
      <ymax>235.0</ymax>
    </bndbox>
  </object>
  <object>
    <name>Helmet</name>
    <bndbox>
      <xmin>228.0</xmin>
      <ymin>158.0</ymin>
      <xmax>260.0</xmax>
      <ymax>202.0</ymax>
    </bndbox>
  </object>
</annotations>
