<?xml version='1.0' encoding='utf-8'?>
<annotations>
  <folder>images</folder>
  <filename>hard_hat_workers43.png</filename>
  <object>
    <name>Helmet</name>
    <bndbox>
      <xmin>357.0</xmin>
      <ymin>116.0</ymin>
      <xmax>401.0</xmax>
      <ymax>166.0</ymax>
    </bndbox>
  </object>
  <object>
    <name>Helmet</name>
    <bndbox>
      <xmin>287.0</xmin>
      <ymin>142.0</ymin>
      <xmax>341.0</xmax>
      <ymax>206.0</ymax>
    </bndbox>
  </object>
  <object>
    <name>Head</name>
    <bndbox>
      <xmin>199.0</xmin>
      <ymin>119.0</ymin>
      <xmax>236.0</xmax>
      <ymax>163.0</ymax>
    </bndbox>
  </object>
  <object>
    <name>Helmet</name>
    <bndbox>
      <xmin>133.0</xmin>
      <ymin>130.0</ymin>
      <xmax>167.0</xmax>
      <ymax>170.0</ymax>
    </bndbox>
  </object>
</annotations>
