<?xml version='1.0' encoding='utf-8'?>
<annotations>
  <folder>images</folder>
  <filename>hard_hat_workers3724.png</filename>
  <object>
    <name>Helmet</name>
    <bndbox>
      <xmin>118.0</xmin>
      <ymin>130.0</ymin>
      <xmax>136.0</xmax>
      <ymax>151.0</ymax>
    </bndbox>
  </object>
  <object>
    <name>Helmet</name>
    <bndbox>
      <xmin>136.0</xmin>
      <ymin>203.0</ymin>
      <xmax>155.0</xmax>
      <ymax>223.0</ymax>
    </bndbox>
  </object>
  <object>
    <name>Helmet</name>
    <bndbox>
      <xmin>118.0</xmin>
      <ymin>5.0</ymin>
      <xmax>136.0</xmax>
      <ymax>25.0</ymax>
    </bndbox>
  </object>
  <object>
    <name>Helmet</name>
    <bndbox>
      <xmin>79.0</xmin>
      <ymin>165.0</ymin>
      <xmax>99.0</xmax>
      <ymax>183.0</ymax>
    </bndbox>
  </object>
</annotations>
