<?xml version='1.0' encoding='utf-8'?>
<annotations>
  <folder>images</folder>
  <filename>hard_hat_workers2897.png</filename>
  <object>
    <name>Helmet</name>
    <bndbox>
      <xmin>146.0</xmin>
      <ymin>128.0</ymin>
      <xmax>192.0</xmax>
      <ymax>175.0</ymax>
    </bndbox>
  </object>
  <object>
    <name>Helmet</name>
    <bndbox>
      <xmin>204.0</xmin>
      <ymin>130.0</ymin>
      <xmax>249.0</xmax>
      <ymax>183.0</ymax>
    </bndbox>
  </object>
  <object>
    <name>Helmet</name>
    <bndbox>
      <xmin>0.0</xmin>
      <ymin>0.0</ymin>
      <xmax>36.0</xmax>
      <ymax>54.0</ymax>
    </bndbox>
  </object>
  <object>
    <name>Head</name>
    <bndbox>
      <xmin>181.0</xmin>
      <ymin>0.0</ymin>
      <xmax>250.0</xmax>
      <ymax>31.0</ymax>
    </bndbox>
  </object>
</annotations>
