<?xml version='1.0' encoding='utf-8'?>
<annotations>
  <folder>images</folder>
  <filename>hard_hat_workers4789.png</filename>
  <object>
    <name>Helmet</name>
    <bndbox>
      <xmin>197.0</xmin>
      <ymin>136.0</ymin>
      <xmax>240.0</xmax>
      <ymax>184.0</ymax>
    </bndbox>
  </object>
  <object>
    <name>Helmet</name>
    <bndbox>
      <xmin>285.0</xmin>
      <ymin>185.0</ymin>
      <xmax>317.0</xmax>
      <ymax>224.0</ymax>
    </bndbox>
  </object>
  <object>
    <name>Person</name>
    <bndbox>
      <xmin>267.0</xmin>
      <ymin>349.0</ymin>
      <xmax>342.0</xmax>
      <ymax>415.0</ymax>
    </bndbox>
  </object>
  <object>
    <name>Person</name>
    <bndbox>
      <xmin>174.0</xmin>
      <ymin>142.0</ymin>
      <xmax>274.0</xmax>
      <ymax>345.0</ymax>
    </bndbox>
  </object>
</annotations>
