<?xml version='1.0' encoding='utf-8'?>
<annotations>
  <folder>images</folder>
  <filename>hard_hat_workers4133.png</filename>
  <object>
    <name>Helmet</name>
    <bndbox>
      <xmin>194.0</xmin>
      <ymin>124.0</ymin>
      <xmax>232.0</xmax>
      <ymax>168.0</ymax>
    </bndbox>
  </object>
  <object>
    <name>Helmet</name>
    <bndbox>
      <xmin>385.0</xmin>
      <ymin>347.0</ymin>
      <xmax>409.0</xmax>
      <ymax>370.0</ymax>
    </bndbox>
  </object>
  <object>
    <name>Person</name>
    <bndbox>
      <xmin>168.0</xmin>
      <ymin>104.0</ymin>
      <xmax>269.0</xmax>
      <ymax>400.0</ymax>
    </bndbox>
  </object>
</annotations>
