<?xml version='1.0' encoding='utf-8'?>
<annotations>
  <folder>images</folder>
  <filename>hard_hat_workers4964.png</filename>
  <object>
    <name>Helmet</name>
    <bndbox>
      <xmin>232.0</xmin>
      <ymin>199.0</ymin>
      <xmax>251.0</xmax>
      <ymax>220.0</ymax>
    </bndbox>
  </object>
  <object>
    <name>Helmet</name>
    <bndbox>
      <xmin>212.0</xmin>
      <ymin>195.0</ymin>
      <xmax>228.0</xmax>
      <ymax>212.0</ymax>
    </bndbox>
  </object>
  <object>
    <name>Helmet</name>
    <bndbox>
      <xmin>305.0</xmin>
      <ymin>183.0</ymin>
      <xmax>320.0</xmax>
      <ymax>201.0</ymax>
    </bndbox>
  </object>
  <object>
    <name>Helmet</name>
    <bndbox>
      <xmin>17.0</xmin>
      <ymin>0.0</ymin>
      <xmax>39.0</xmax>
      <ymax>6.0</ymax>
    </bndbox>
  </object>
</annotations>
