<?xml version='1.0' encoding='utf-8'?>
<annotations>
  <folder>images</folder>
  <filename>hard_hat_workers1294.png</filename>
  <object>
    <name>Helmet</name>
    <bndbox>
      <xmin>139.0</xmin>
      <ymin>135.0</ymin>
      <xmax>178.0</xmax>
      <ymax>181.0</ymax>
    </bndbox>
  </object>
  <object>
    <name>Helmet</name>
    <bndbox>
      <xmin>296.0</xmin>
      <ymin>145.0</ymin>
      <xmax>338.0</xmax>
      <ymax>193.0</ymax>
    </bndbox>
  </object>
  <object>
    <name>Helmet</name>
    <bndbox>
      <xmin>53.0</xmin>
      <ymin>129.0</ymin>
      <xmax>100.0</xmax>
      <ymax>184.0</ymax>
    </bndbox>
  </object>
  <object>
    <name>Helmet</name>
    <bndbox>
      <xmin>196.0</xmin>
      <ymin>131.0</ymin>
      <xmax>245.0</xmax>
      <ymax>182.0</ymax>
    </bndbox>
  </object>
</annotations>
