<?xml version='1.0' encoding='utf-8'?>
<annotations>
  <folder>images</folder>
  <filename>hard_hat_workers223.png</filename>
  <object>
    <name>Helmet</name>
    <bndbox>
      <xmin>135.0</xmin>
      <ymin>89.0</ymin>
      <xmax>239.0</xmax>
      <ymax>204.0</ymax>
    </bndbox>
  </object>
  <object>
    <name>Helmet</name>
    <bndbox>
      <xmin>0.0</xmin>
      <ymin>367.0</ymin>
      <xmax>85.0</xmax>
      <ymax>416.0</ymax>
    </bndbox>
  </object>
  <object>
    <name>Person</name>
    <bndbox>
      <xmin>2.0</xmin>
      <ymin>86.0</ymin>
      <xmax>284.0</xmax>
      <ymax>387.0</ymax>
    </bndbox>
  </object>
</annotations>
