<?xml version='1.0' encoding='utf-8'?>
<annotations>
  <folder>images</folder>
  <filename>hard_hat_workers4968.png</filename>
  <object>
    <name>Helmet</name>
    <bndbox>
      <xmin>249.0</xmin>
      <ymin>145.0</ymin>
      <xmax>279.0</xmax>
      <ymax>178.0</ymax>
    </bndbox>
  </object>
  <object>
    <name>Helmet</name>
    <bndbox>
      <xmin>248.0</xmin>
      <ymin>1.0</ymin>
      <xmax>279.0</xmax>
      <ymax>35.0</ymax>
    </bndbox>
  </object>
  <object>
    <name>Helmet</name>
    <bndbox>
      <xmin>306.0</xmin>
      <ymin>144.0</ymin>
      <xmax>333.0</xmax>
      <ymax>175.0</ymax>
    </bndbox>
  </object>
  <object>
    <name>Helmet</name>
    <bndbox>
      <xmin>34.0</xmin>
      <ymin>112.0</ymin>
      <xmax>52.0</xmax>
      <ymax>132.0</ymax>
    </bndbox>
  </object>
</annotations>
