<?xml version='1.0' encoding='utf-8'?>
<annotations>
  <folder>images</folder>
  <filename>hard_hat_workers902.png</filename>
  <object>
    <name>Helmet</name>
    <bndbox>
      <xmin>384.0</xmin>
      <ymin>250.0</ymin>
      <xmax>413.0</xmax>
      <ymax>284.0</ymax>
    </bndbox>
  </object>
  <object>
    <name>Helmet</name>
    <bndbox>
      <xmin>326.0</xmin>
      <ymin>239.0</ymin>
      <xmax>354.0</xmax>
      <ymax>271.0</ymax>
    </bndbox>
  </object>
  <object>
    <name>Helmet</name>
    <bndbox>
      <xmin>19.0</xmin>
      <ymin>8.0</ymin>
      <xmax>54.0</xmax>
      <ymax>42.0</ymax>
    </bndbox>
  </object>
  <object>
    <name>Helmet</name>
    <bndbox>
      <xmin>83.0</xmin>
      <ymin>115.0</ymin>
      <xmax>114.0</xmax>
      <ymax>146.0</ymax>
    </bndbox>
  </object>
</annotations>
