<?xml version='1.0' encoding='utf-8'?>
<annotations>
  <folder>images</folder>
  <filename>hard_hat_workers452.png</filename>
  <object>
    <name>Helmet</name>
    <bndbox>
      <xmin>221.0</xmin>
      <ymin>141.0</ymin>
      <xmax>290.0</xmax>
      <ymax>222.0</ymax>
    </bndbox>
  </object>
  <object>
    <name>Helmet</name>
    <bndbox>
      <xmin>356.0</xmin>
      <ymin>212.0</ymin>
      <xmax>377.0</xmax>
      <ymax>233.0</ymax>
    </bndbox>
  </object>
  <object>
    <name>Person</name>
    <bndbox>
      <xmin>169.0</xmin>
      <ymin>150.0</ymin>
      <xmax>347.0</xmax>
      <ymax>352.0</ymax>
    </bndbox>
  </object>
</annotations>
