<?xml version='1.0' encoding='utf-8'?>
<annotations>
  <folder>images</folder>
  <filename>hard_hat_workers1598.png</filename>
  <object>
    <name>Helmet</name>
    <bndbox>
      <xmin>80.0</xmin>
      <ymin>242.0</ymin>
      <xmax>100.0</xmax>
      <ymax>268.0</ymax>
    </bndbox>
  </object>
  <object>
    <name>Helmet</name>
    <bndbox>
      <xmin>243.0</xmin>
      <ymin>235.0</ymin>
      <xmax>266.0</xmax>
      <ymax>261.0</ymax>
    </bndbox>
  </object>
  <object>
    <name>Helmet</name>
    <bndbox>
      <xmin>394.0</xmin>
      <ymin>232.0</ymin>
      <xmax>414.0</xmax>
      <ymax>257.0</ymax>
    </bndbox>
  </object>
  <object>
    <name>Helmet</name>
    <bndbox>
      <xmin>202.0</xmin>
      <ymin>240.0</ymin>
      <xmax>221.0</xmax>
      <ymax>264.0</ymax>
    </bndbox>
  </object>
</annotations>
