<?xml version='1.0' encoding='utf-8'?>
<annotations>
  <folder>images</folder>
  <filename>hard_hat_workers292.png</filename>
  <object>
    <name>Helmet</name>
    <bndbox>
      <xmin>78.0</xmin>
      <ymin>223.0</ymin>
      <xmax>98.0</xmax>
      <ymax>246.0</ymax>
    </bndbox>
  </object>
  <object>
    <name>Helmet</name>
    <bndbox>
      <xmin>50.0</xmin>
      <ymin>246.0</ymin>
      <xmax>72.0</xmax>
      <ymax>273.0</ymax>
    </bndbox>
  </object>
  <object>
    <name>Helmet</name>
    <bndbox>
      <xmin>215.0</xmin>
      <ymin>151.0</ymin>
      <xmax>240.0</xmax>
      <ymax>173.0</ymax>
    </bndbox>
  </object>
  <object>
    <name>Helmet</name>
    <bndbox>
      <xmin>194.0</xmin>
      <ymin>189.0</ymin>
      <xmax>217.0</xmax>
      <ymax>210.0</ymax>
    </bndbox>
  </object>
</annotations>
