<?xml version='1.0' encoding='utf-8'?>
<annotations>
  <folder>images</folder>
  <filename>hard_hat_workers1574.png</filename>
  <object>
    <name>Helmet</name>
    <bndbox>
      <xmin>182.0</xmin>
      <ymin>180.0</ymin>
      <xmax>204.0</xmax>
      <ymax>208.0</ymax>
    </bndbox>
  </object>
  <object>
    <name>Helmet</name>
    <bndbox>
      <xmin>221.0</xmin>
      <ymin>184.0</ymin>
      <xmax>239.0</xmax>
      <ymax>208.0</ymax>
    </bndbox>
  </object>
  <object>
    <name>Helmet</name>
    <bndbox>
      <xmin>150.0</xmin>
      <ymin>183.0</ymin>
      <xmax>169.0</xmax>
      <ymax>205.0</ymax>
    </bndbox>
  </object>
  <object>
    <name>Helmet</name>
    <bndbox>
      <xmin>206.0</xmin>
      <ymin>186.0</ymin>
      <xmax>222.0</xmax>
      <ymax>209.0</ymax>
    </bndbox>
  </object>
</annotations>
