<?xml version='1.0' encoding='utf-8'?>
<annotations>
  <folder>images</folder>
  <filename>hard_hat_workers4905.png</filename>
  <object>
    <name>Head</name>
    <bndbox>
      <xmin>265.0</xmin>
      <ymin>172.0</ymin>
      <xmax>286.0</xmax>
      <ymax>196.0</ymax>
    </bndbox>
  </object>
  <object>
    <name>Head</name>
    <bndbox>
      <xmin>69.0</xmin>
      <ymin>168.0</ymin>
      <xmax>91.0</xmax>
      <ymax>194.0</ymax>
    </bndbox>
  </object>
  <object>
    <name>Head</name>
    <bndbox>
      <xmin>133.0</xmin>
      <ymin>180.0</ymin>
      <xmax>150.0</xmax>
      <ymax>203.0</ymax>
    </bndbox>
  </object>
  <object>
    <name>Head</name>
    <bndbox>
      <xmin>237.0</xmin>
      <ymin>176.0</ymin>
      <xmax>253.0</xmax>
      <ymax>196.0</ymax>
    </bndbox>
  </object>
</annotations>
