<?xml version='1.0' encoding='utf-8'?>
<annotations>
  <folder>images</folder>
  <filename>hard_hat_workers2728.png</filename>
  <object>
    <name>Helmet</name>
    <bndbox>
      <xmin>226.0</xmin>
      <ymin>229.0</ymin>
      <xmax>262.0</xmax>
      <ymax>270.0</ymax>
    </bndbox>
  </object>
  <object>
    <name>Helmet</name>
    <bndbox>
      <xmin>67.0</xmin>
      <ymin>121.0</ymin>
      <xmax>94.0</xmax>
      <ymax>150.0</ymax>
    </bndbox>
  </object>
  <object>
    <name>Helmet</name>
    <bndbox>
      <xmin>277.0</xmin>
      <ymin>229.0</ymin>
      <xmax>322.0</xmax>
      <ymax>272.0</ymax>
    </bndbox>
  </object>
  <object>
    <name>Helmet</name>
    <bndbox>
      <xmin>100.0</xmin>
      <ymin>217.0</ymin>
      <xmax>133.0</xmax>
      <ymax>249.0</ymax>
    </bndbox>
  </object>
</annotations>
