<?xml version='1.0' encoding='utf-8'?>
<annotations>
  <folder>images</folder>
  <filename>hard_hat_workers1102.png</filename>
  <object>
    <name>Helmet</name>
    <bndbox>
      <xmin>183.0</xmin>
      <ymin>167.0</ymin>
      <xmax>246.0</xmax>
      <ymax>243.0</ymax>
    </bndbox>
  </object>
  <object>
    <name>Helmet</name>
    <bndbox>
      <xmin>306.0</xmin>
      <ymin>195.0</ymin>
      <xmax>352.0</xmax>
      <ymax>250.0</ymax>
    </bndbox>
  </object>
  <object>
    <name>Helmet</name>
    <bndbox>
      <xmin>39.0</xmin>
      <ymin>101.0</ymin>
      <xmax>166.0</xmax>
      <ymax>251.0</ymax>
    </bndbox>
  </object>
  <object>
    <name>Helmet</name>
    <bndbox>
      <xmin>92.0</xmin>
      <ymin>1.0</ymin>
      <xmax>157.0</xmax>
      <ymax>24.0</ymax>
    </bndbox>
  </object>
</annotations>
