<?xml version='1.0' encoding='utf-8'?>
<annotations>
  <folder>images</folder>
  <filename>hard_hat_workers2716.png</filename>
  <object>
    <name>Helmet</name>
    <bndbox>
      <xmin>252.0</xmin>
      <ymin>93.0</ymin>
      <xmax>323.0</xmax>
      <ymax>148.0</ymax>
    </bndbox>
  </object>
  <object>
    <name>Helmet</name>
    <bndbox>
      <xmin>370.0</xmin>
      <ymin>92.0</ymin>
      <xmax>414.0</xmax>
      <ymax>147.0</ymax>
    </bndbox>
  </object>
  <object>
    <name>Person</name>
    <bndbox>
      <xmin>101.0</xmin>
      <ymin>77.0</ymin>
      <xmax>325.0</xmax>
      <ymax>311.0</ymax>
    </bndbox>
  </object>
  <object>
    <name>Head</name>
    <bndbox>
      <xmin>116.0</xmin>
      <ymin>290.0</ymin>
      <xmax>155.0</xmax>
      <ymax>327.0</ymax>
    </bndbox>
  </object>
</annotations>
