<?xml version='1.0' encoding='utf-8'?>
<annotations>
  <folder>images</folder>
  <filename>hard_hat_workers1782.png</filename>
  <object>
    <name>Helmet</name>
    <bndbox>
      <xmin>200.0</xmin>
      <ymin>224.0</ymin>
      <xmax>220.0</xmax>
      <ymax>246.0</ymax>
    </bndbox>
  </object>
  <object>
    <name>Helmet</name>
    <bndbox>
      <xmin>267.0</xmin>
      <ymin>222.0</ymin>
      <xmax>286.0</xmax>
      <ymax>243.0</ymax>
    </bndbox>
  </object>
  <object>
    <name>Helmet</name>
    <bndbox>
      <xmin>35.0</xmin>
      <ymin>381.0</ymin>
      <xmax>59.0</xmax>
      <ymax>404.0</ymax>
    </bndbox>
  </object>
  <object>
    <name>Helmet</name>
    <bndbox>
      <xmin>38.0</xmin>
      <ymin>289.0</ymin>
      <xmax>58.0</xmax>
      <ymax>313.0</ymax>
    </bndbox>
  </object>
</annotations>
