<?xml version='1.0' encoding='utf-8'?>
<annotations>
  <folder>images</folder>
  <filename>hard_hat_workers4603.png</filename>
  <object>
    <name>Helmet</name>
    <bndbox>
      <xmin>0.0</xmin>
      <ymin>265.0</ymin>
      <xmax>25.0</xmax>
      <ymax>312.0</ymax>
    </bndbox>
  </object>
  <object>
    <name>Helmet</name>
    <bndbox>
      <xmin>200.0</xmin>
      <ymin>217.0</ymin>
      <xmax>220.0</xmax>
      <ymax>241.0</ymax>
    </bndbox>
  </object>
  <object>
    <name>Helmet</name>
    <bndbox>
      <xmin>106.0</xmin>
      <ymin>188.0</ymin>
      <xmax>125.0</xmax>
      <ymax>211.0</ymax>
    </bndbox>
  </object>
  <object>
    <name>Helmet</name>
    <bndbox>
      <xmin>167.0</xmin>
      <ymin>187.0</ymin>
      <xmax>187.0</xmax>
      <ymax>208.0</ymax>
    </bndbox>
  </object>
</annotations>
