<?xml version='1.0' encoding='utf-8'?>
<annotations>
  <folder>images</folder>
  <filename>hard_hat_workers619.png</filename>
  <object>
    <name>Helmet</name>
    <bndbox>
      <xmin>261.0</xmin>
      <ymin>145.0</ymin>
      <xmax>310.0</xmax>
      <ymax>200.0</ymax>
    </bndbox>
  </object>
  <object>
    <name>Helmet</name>
    <bndbox>
      <xmin>117.0</xmin>
      <ymin>353.0</ymin>
      <xmax>168.0</xmax>
      <ymax>408.0</ymax>
    </bndbox>
  </object>
  <object>
    <name>Helmet</name>
    <bndbox>
      <xmin>119.0</xmin>
      <ymin>274.0</ymin>
      <xmax>170.0</xmax>
      <ymax>326.0</ymax>
    </bndbox>
  </object>
  <object>
    <name>Helmet</name>
    <bndbox>
      <xmin>107.0</xmin>
      <ymin>199.0</ymin>
      <xmax>138.0</xmax>
      <ymax>228.0</ymax>
    </bndbox>
  </object>
</annotations>
