<?xml version='1.0' encoding='utf-8'?>
<annotations>
  <folder>images</folder>
  <filename>hard_hat_workers4453.png</filename>
  <object>
    <name>Helmet</name>
    <bndbox>
      <xmin>218.0</xmin>
      <ymin>71.0</ymin>
      <xmax>301.0</xmax>
      <ymax>176.0</ymax>
    </bndbox>
  </object>
  <object>
    <name>Helmet</name>
    <bndbox>
      <xmin>84.0</xmin>
      <ymin>0.0</ymin>
      <xmax>180.0</xmax>
      <ymax>72.0</ymax>
    </bndbox>
  </object>
  <object>
    <name>Helmet</name>
    <bndbox>
      <xmin>85.0</xmin>
      <ymin>72.0</ymin>
      <xmax>182.0</xmax>
      <ymax>182.0</ymax>
    </bndbox>
  </object>
  <object>
    <name>Helmet</name>
    <bndbox>
      <xmin>212.0</xmin>
      <ymin>0.0</ymin>
      <xmax>301.0</xmax>
      <ymax>68.0</ymax>
    </bndbox>
  </object>
</annotations>
