<?xml version='1.0' encoding='utf-8'?>
<annotations>
  <folder>images</folder>
  <filename>hard_hat_workers2289.png</filename>
  <object>
    <name>Head</name>
    <bndbox>
      <xmin>116.0</xmin>
      <ymin>113.0</ymin>
      <xmax>138.0</xmax>
      <ymax>142.0</ymax>
    </bndbox>
  </object>
  <object>
    <name>Head</name>
    <bndbox>
      <xmin>117.0</xmin>
      <ymin>0.0</ymin>
      <xmax>138.0</xmax>
      <ymax>23.0</ymax>
    </bndbox>
  </object>
  <object>
    <name>Head</name>
    <bndbox>
      <xmin>0.0</xmin>
      <ymin>81.0</ymin>
      <xmax>32.0</xmax>
      <ymax>150.0</ymax>
    </bndbox>
  </object>
  <object>
    <name>Head</name>
    <bndbox>
      <xmin>83.0</xmin>
      <ymin>0.0</ymin>
      <xmax>110.0</xmax>
      <ymax>28.0</ymax>
    </bndbox>
  </object>
</annotations>
