<?xml version='1.0' encoding='utf-8'?>
<annotations>
  <folder>images</folder>
  <filename>hard_hat_workers3495.png</filename>
  <object>
    <name>Helmet</name>
    <bndbox>
      <xmin>142.0</xmin>
      <ymin>95.0</ymin>
      <xmax>193.0</xmax>
      <ymax>152.0</ymax>
    </bndbox>
  </object>
  <object>
    <name>Helmet</name>
    <bndbox>
      <xmin>157.0</xmin>
      <ymin>263.0</ymin>
      <xmax>223.0</xmax>
      <ymax>335.0</ymax>
    </bndbox>
  </object>
  <object>
    <name>Head</name>
    <bndbox>
      <xmin>388.0</xmin>
      <ymin>298.0</ymin>
      <xmax>415.0</xmax>
      <ymax>336.0</ymax>
    </bndbox>
  </object>
</annotations>
