<?xml version='1.0' encoding='utf-8'?>
<annotations>
  <folder>images</folder>
  <filename>hard_hat_workers2070.png</filename>
  <object>
    <name>Helmet</name>
    <bndbox>
      <xmin>237.0</xmin>
      <ymin>176.0</ymin>
      <xmax>271.0</xmax>
      <ymax>219.0</ymax>
    </bndbox>
  </object>
  <object>
    <name>Helmet</name>
    <bndbox>
      <xmin>297.0</xmin>
      <ymin>290.0</ymin>
      <xmax>348.0</xmax>
      <ymax>338.0</ymax>
    </bndbox>
  </object>
  <object>
    <name>Helmet</name>
    <bndbox>
      <xmin>297.0</xmin>
      <ymin>349.0</ymin>
      <xmax>348.0</xmax>
      <ymax>402.0</ymax>
    </bndbox>
  </object>
  <object>
    <name>Person</name>
    <bndbox>
      <xmin>202.0</xmin>
      <ymin>182.0</ymin>
      <xmax>291.0</xmax>
      <ymax>299.0</ymax>
    </bndbox>
  </object>
</annotations>
