<?xml version='1.0' encoding='utf-8'?>
<annotations>
  <folder>images</folder>
  <filename>hard_hat_workers764.png</filename>
  <object>
    <name>Helmet</name>
    <bndbox>
      <xmin>203.0</xmin>
      <ymin>138.0</ymin>
      <xmax>222.0</xmax>
      <ymax>163.0</ymax>
    </bndbox>
  </object>
  <object>
    <name>Helmet</name>
    <bndbox>
      <xmin>172.0</xmin>
      <ymin>139.0</ymin>
      <xmax>191.0</xmax>
      <ymax>162.0</ymax>
    </bndbox>
  </object>
  <object>
    <name>Helmet</name>
    <bndbox>
      <xmin>134.0</xmin>
      <ymin>144.0</ymin>
      <xmax>156.0</xmax>
      <ymax>168.0</ymax>
    </bndbox>
  </object>
</annotations>
