<?xml version='1.0' encoding='utf-8'?>
<annotations>
  <folder>images</folder>
  <filename>hard_hat_workers3421.png</filename>
  <object>
    <name>Helmet</name>
    <bndbox>
      <xmin>140.0</xmin>
      <ymin>208.0</ymin>
      <xmax>177.0</xmax>
      <ymax>264.0</ymax>
    </bndbox>
  </object>
  <object>
    <name>Helmet</name>
    <bndbox>
      <xmin>82.0</xmin>
      <ymin>145.0</ymin>
      <xmax>114.0</xmax>
      <ymax>175.0</ymax>
    </bndbox>
  </object>
  <object>
    <name>Helmet</name>
    <bndbox>
      <xmin>187.0</xmin>
      <ymin>273.0</ymin>
      <xmax>208.0</xmax>
      <ymax>295.0</ymax>
    </bndbox>
  </object>
  <object>
    <name>Helmet</name>
    <bndbox>
      <xmin>129.0</xmin>
      <ymin>97.0</ymin>
      <xmax>152.0</xmax>
      <ymax>123.0</ymax>
    </bndbox>
  </object>
</annotations>
