<?xml version='1.0' encoding='utf-8'?>
<annotations>
  <folder>images</folder>
  <filename>hard_hat_workers4547.png</filename>
  <object>
    <name>Helmet</name>
    <bndbox>
      <xmin>198.0</xmin>
      <ymin>162.0</ymin>
      <xmax>238.0</xmax>
      <ymax>207.0</ymax>
    </bndbox>
  </object>
  <object>
    <name>Helmet</name>
    <bndbox>
      <xmin>131.0</xmin>
      <ymin>149.0</ymin>
      <xmax>177.0</xmax>
      <ymax>199.0</ymax>
    </bndbox>
  </object>
  <object>
    <name>Person</name>
    <bndbox>
      <xmin>185.0</xmin>
      <ymin>347.0</ymin>
      <xmax>260.0</xmax>
      <ymax>415.0</ymax>
    </bndbox>
  </object>
  <object>
    <name>Person</name>
    <bndbox>
      <xmin>77.0</xmin>
      <ymin>157.0</ymin>
      <xmax>195.0</xmax>
      <ymax>347.0</ymax>
    </bndbox>
  </object>
</annotations>
