<?xml version='1.0' encoding='utf-8'?>
<annotations>
  <folder>images</folder>
  <filename>hard_hat_workers3894.png</filename>
  <object>
    <name>Head</name>
    <bndbox>
      <xmin>363.0</xmin>
      <ymin>132.0</ymin>
      <xmax>413.0</xmax>
      <ymax>190.0</ymax>
    </bndbox>
  </object>
  <object>
    <name>Helmet</name>
    <bndbox>
      <xmin>95.0</xmin>
      <ymin>161.0</ymin>
      <xmax>120.0</xmax>
      <ymax>195.0</ymax>
    </bndbox>
  </object>
  <object>
    <name>Head</name>
    <bndbox>
      <xmin>277.0</xmin>
      <ymin>160.0</ymin>
      <xmax>305.0</xmax>
      <ymax>197.0</ymax>
    </bndbox>
  </object>
  <object>
    <name>Head</name>
    <bndbox>
      <xmin>70.0</xmin>
      <ymin>175.0</ymin>
      <xmax>98.0</xmax>
      <ymax>211.0</ymax>
    </bndbox>
  </object>
</annotations>
