<?xml version='1.0' encoding='utf-8'?>
<annotations>
  <folder>images</folder>
  <filename>hard_hat_workers3174.png</filename>
  <object>
    <name>Helmet</name>
    <bndbox>
      <xmin>98.0</xmin>
      <ymin>132.0</ymin>
      <xmax>152.0</xmax>
      <ymax>188.0</ymax>
    </bndbox>
  </object>
  <object>
    <name>Helmet</name>
    <bndbox>
      <xmin>103.0</xmin>
      <ymin>0.0</ymin>
      <xmax>146.0</xmax>
      <ymax>15.0</ymax>
    </bndbox>
  </object>
  <object>
    <name>Helmet</name>
    <bndbox>
      <xmin>150.0</xmin>
      <ymin>151.0</ymin>
      <xmax>172.0</xmax>
      <ymax>180.0</ymax>
    </bndbox>
  </object>
  <object>
    <name>Head</name>
    <bndbox>
      <xmin>47.0</xmin>
      <ymin>1.0</ymin>
      <xmax>87.0</xmax>
      <ymax>45.0</ymax>
    </bndbox>
  </object>
</annotations>
