<?xml version='1.0' encoding='utf-8'?>
<annotations>
  <folder>images</folder>
  <filename>hard_hat_workers961.png</filename>
  <object>
    <name>Helmet</name>
    <bndbox>
      <xmin>165.0</xmin>
      <ymin>91.0</ymin>
      <xmax>204.0</xmax>
      <ymax>139.0</ymax>
    </bndbox>
  </object>
  <object>
    <name>Helmet</name>
    <bndbox>
      <xmin>105.0</xmin>
      <ymin>10.0</ymin>
      <xmax>150.0</xmax>
      <ymax>58.0</ymax>
    </bndbox>
  </object>
  <object>
    <name>Helmet</name>
    <bndbox>
      <xmin>106.0</xmin>
      <ymin>55.0</ymin>
      <xmax>150.0</xmax>
      <ymax>105.0</ymax>
    </bndbox>
  </object>
  <object>
    <name>Helmet</name>
    <bndbox>
      <xmin>260.0</xmin>
      <ymin>77.0</ymin>
      <xmax>298.0</xmax>
      <ymax>127.0</ymax>
    </bndbox>
  </object>
</annotations>
