<?xml version='1.0' encoding='utf-8'?>
<annotations>
  <folder>images</folder>
  <filename>hard_hat_workers738.png</filename>
  <object>
    <name>Helmet</name>
    <bndbox>
      <xmin>208.0</xmin>
      <ymin>264.0</ymin>
      <xmax>228.0</xmax>
      <ymax>285.0</ymax>
    </bndbox>
  </object>
  <object>
    <name>Helmet</name>
    <bndbox>
      <xmin>227.0</xmin>
      <ymin>165.0</ymin>
      <xmax>245.0</xmax>
      <ymax>184.0</ymax>
    </bndbox>
  </object>
  <object>
    <name>Person</name>
    <bndbox>
      <xmin>216.0</xmin>
      <ymin>169.0</ymin>
      <xmax>255.0</xmax>
      <ymax>256.0</ymax>
    </bndbox>
  </object>
</annotations>
