<?xml version='1.0' encoding='utf-8'?>
<annotations>
  <folder>images</folder>
  <filename>hard_hat_workers2998.png</filename>
  <object>
    <name>Helmet</name>
    <bndbox>
      <xmin>157.0</xmin>
      <ymin>213.0</ymin>
      <xmax>188.0</xmax>
      <ymax>245.0</ymax>
    </bndbox>
  </object>
  <object>
    <name>Helmet</name>
    <bndbox>
      <xmin>191.0</xmin>
      <ymin>135.0</ymin>
      <xmax>219.0</xmax>
      <ymax>162.0</ymax>
    </bndbox>
  </object>
  <object>
    <name>Helmet</name>
    <bndbox>
      <xmin>261.0</xmin>
      <ymin>107.0</ymin>
      <xmax>286.0</xmax>
      <ymax>131.0</ymax>
    </bndbox>
  </object>
  <object>
    <name>Helmet</name>
    <bndbox>
      <xmin>205.0</xmin>
      <ymin>112.0</ymin>
      <xmax>228.0</xmax>
      <ymax>139.0</ymax>
    </bndbox>
  </object>
</annotations>
