<?xml version='1.0' encoding='utf-8'?>
<annotations>
  <folder>images</folder>
  <filename>hard_hat_workers4052.png</filename>
  <object>
    <name>Helmet</name>
    <bndbox>
      <xmin>96.0</xmin>
      <ymin>309.0</ymin>
      <xmax>145.0</xmax>
      <ymax>366.0</ymax>
    </bndbox>
  </object>
  <object>
    <name>Helmet</name>
    <bndbox>
      <xmin>209.0</xmin>
      <ymin>311.0</ymin>
      <xmax>258.0</xmax>
      <ymax>370.0</ymax>
    </bndbox>
  </object>
  <object>
    <name>Helmet</name>
    <bndbox>
      <xmin>256.0</xmin>
      <ymin>347.0</ymin>
      <xmax>293.0</xmax>
      <ymax>390.0</ymax>
    </bndbox>
  </object>
  <object>
    <name>Helmet</name>
    <bndbox>
      <xmin>168.0</xmin>
      <ymin>356.0</ymin>
      <xmax>200.0</xmax>
      <ymax>395.0</ymax>
    </bndbox>
  </object>
</annotations>
