<?xml version='1.0' encoding='utf-8'?>
<annotations>
  <folder>images</folder>
  <filename>hard_hat_workers4786.png</filename>
  <object>
    <name>Helmet</name>
    <bndbox>
      <xmin>50.0</xmin>
      <ymin>192.0</ymin>
      <xmax>70.0</xmax>
      <ymax>214.0</ymax>
    </bndbox>
  </object>
  <object>
    <name>Helmet</name>
    <bndbox>
      <xmin>395.0</xmin>
      <ymin>244.0</ymin>
      <xmax>415.0</xmax>
      <ymax>267.0</ymax>
    </bndbox>
  </object>
  <object>
    <name>Helmet</name>
    <bndbox>
      <xmin>257.0</xmin>
      <ymin>149.0</ymin>
      <xmax>275.0</xmax>
      <ymax>170.0</ymax>
    </bndbox>
  </object>
  <object>
    <name>Helmet</name>
    <bndbox>
      <xmin>378.0</xmin>
      <ymin>181.0</ymin>
      <xmax>396.0</xmax>
      <ymax>201.0</ymax>
    </bndbox>
  </object>
</annotations>
