<?xml version='1.0' encoding='utf-8'?>
<annotations>
  <folder>images</folder>
  <filename>hard_hat_workers3503.png</filename>
  <object>
    <name>Helmet</name>
    <bndbox>
      <xmin>41.0</xmin>
      <ymin>132.0</ymin>
      <xmax>67.0</xmax>
      <ymax>159.0</ymax>
    </bndbox>
  </object>
  <object>
    <name>Helmet</name>
    <bndbox>
      <xmin>7.0</xmin>
      <ymin>162.0</ymin>
      <xmax>27.0</xmax>
      <ymax>186.0</ymax>
    </bndbox>
  </object>
  <object>
    <name>Helmet</name>
    <bndbox>
      <xmin>53.0</xmin>
      <ymin>158.0</ymin>
      <xmax>73.0</xmax>
      <ymax>183.0</ymax>
    </bndbox>
  </object>
  <object>
    <name>Helmet</name>
    <bndbox>
      <xmin>352.0</xmin>
      <ymin>152.0</ymin>
      <xmax>370.0</xmax>
      <ymax>174.0</ymax>
    </bndbox>
  </object>
</annotations>
