<?xml version='1.0' encoding='utf-8'?>
<annotations>
  <folder>images</folder>
  <filename>hard_hat_workers1543.png</filename>
  <object>
    <name>Helmet</name>
    <bndbox>
      <xmin>196.0</xmin>
      <ymin>74.0</ymin>
      <xmax>235.0</xmax>
      <ymax>128.0</ymax>
    </bndbox>
  </object>
  <object>
    <name>Helmet</name>
    <bndbox>
      <xmin>120.0</xmin>
      <ymin>96.0</ymin>
      <xmax>158.0</xmax>
      <ymax>146.0</ymax>
    </bndbox>
  </object>
  <object>
    <name>Helmet</name>
    <bndbox>
      <xmin>260.0</xmin>
      <ymin>51.0</ymin>
      <xmax>285.0</xmax>
      <ymax>81.0</ymax>
    </bndbox>
  </object>
  <object>
    <name>Helmet</name>
    <bndbox>
      <xmin>0.0</xmin>
      <ymin>98.0</ymin>
      <xmax>17.0</xmax>
      <ymax>142.0</ymax>
    </bndbox>
  </object>
</annotations>
