<?xml version='1.0' encoding='utf-8'?>
<annotations>
  <folder>images</folder>
  <filename>hard_hat_workers329.png</filename>
  <object>
    <name>Helmet</name>
    <bndbox>
      <xmin>298.0</xmin>
      <ymin>133.0</ymin>
      <xmax>358.0</xmax>
      <ymax>200.0</ymax>
    </bndbox>
  </object>
  <object>
    <name>Helmet</name>
    <bndbox>
      <xmin>190.0</xmin>
      <ymin>121.0</ymin>
      <xmax>257.0</xmax>
      <ymax>202.0</ymax>
    </bndbox>
  </object>
  <object>
    <name>Helmet</name>
    <bndbox>
      <xmin>5.0</xmin>
      <ymin>105.0</ymin>
      <xmax>153.0</xmax>
      <ymax>281.0</ymax>
    </bndbox>
  </object>
  <object>
    <name>Helmet</name>
    <bndbox>
      <xmin>163.0</xmin>
      <ymin>99.0</ymin>
      <xmax>215.0</xmax>
      <ymax>161.0</ymax>
    </bndbox>
  </object>
</annotations>
