<?xml version='1.0' encoding='utf-8'?>
<annotations>
  <folder>images</folder>
  <filename>hard_hat_workers341.png</filename>
  <object>
    <name>Helmet</name>
    <bndbox>
      <xmin>216.0</xmin>
      <ymin>175.0</ymin>
      <xmax>254.0</xmax>
      <ymax>209.0</ymax>
    </bndbox>
  </object>
  <object>
    <name>Helmet</name>
    <bndbox>
      <xmin>194.0</xmin>
      <ymin>291.0</ymin>
      <xmax>223.0</xmax>
      <ymax>323.0</ymax>
    </bndbox>
  </object>
  <object>
    <name>Head</name>
    <bndbox>
      <xmin>194.0</xmin>
      <ymin>369.0</ymin>
      <xmax>221.0</xmax>
      <ymax>398.0</ymax>
    </bndbox>
  </object>
  <object>
    <name>Person</name>
    <bndbox>
      <xmin>187.0</xmin>
      <ymin>176.0</ymin>
      <xmax>290.0</xmax>
      <ymax>333.0</ymax>
    </bndbox>
  </object>
</annotations>
