<?xml version='1.0' encoding='utf-8'?>
<annotations>
  <folder>images</folder>
  <filename>hard_hat_workers4625.png</filename>
  <object>
    <name>Head</name>
    <bndbox>
      <xmin>165.0</xmin>
      <ymin>131.0</ymin>
      <xmax>190.0</xmax>
      <ymax>164.0</ymax>
    </bndbox>
  </object>
  <object>
    <name>Head</name>
    <bndbox>
      <xmin>45.0</xmin>
      <ymin>138.0</ymin>
      <xmax>67.0</xmax>
      <ymax>165.0</ymax>
    </bndbox>
  </object>
  <object>
    <name>Head</name>
    <bndbox>
      <xmin>234.0</xmin>
      <ymin>142.0</ymin>
      <xmax>261.0</xmax>
      <ymax>176.0</ymax>
    </bndbox>
  </object>
  <object>
    <name>Head</name>
    <bndbox>
      <xmin>125.0</xmin>
      <ymin>138.0</ymin>
      <xmax>145.0</xmax>
      <ymax>164.0</ymax>
    </bndbox>
  </object>
</annotations>
