<?xml version='1.0' encoding='utf-8'?>
<annotations>
  <folder>images</folder>
  <filename>hard_hat_workers1832.png</filename>
  <object>
    <name>Helmet</name>
    <bndbox>
      <xmin>315.0</xmin>
      <ymin>143.0</ymin>
      <xmax>398.0</xmax>
      <ymax>236.0</ymax>
    </bndbox>
  </object>
  <object>
    <name>Helmet</name>
    <bndbox>
      <xmin>238.0</xmin>
      <ymin>202.0</ymin>
      <xmax>292.0</xmax>
      <ymax>260.0</ymax>
    </bndbox>
  </object>
  <object>
    <name>Helmet</name>
    <bndbox>
      <xmin>148.0</xmin>
      <ymin>192.0</ymin>
      <xmax>213.0</xmax>
      <ymax>259.0</ymax>
    </bndbox>
  </object>
  <object>
    <name>Helmet</name>
    <bndbox>
      <xmin>31.0</xmin>
      <ymin>218.0</ymin>
      <xmax>72.0</xmax>
      <ymax>269.0</ymax>
    </bndbox>
  </object>
</annotations>
