<?xml version='1.0' encoding='utf-8'?>
<annotations>
  <folder>images</folder>
  <filename>hard_hat_workers1982.png</filename>
  <object>
    <name>Helmet</name>
    <bndbox>
      <xmin>155.0</xmin>
      <ymin>231.0</ymin>
      <xmax>176.0</xmax>
      <ymax>254.0</ymax>
    </bndbox>
  </object>
  <object>
    <name>Helmet</name>
    <bndbox>
      <xmin>205.0</xmin>
      <ymin>220.0</ymin>
      <xmax>226.0</xmax>
      <ymax>244.0</ymax>
    </bndbox>
  </object>
  <object>
    <name>Helmet</name>
    <bndbox>
      <xmin>250.0</xmin>
      <ymin>121.0</ymin>
      <xmax>269.0</xmax>
      <ymax>144.0</ymax>
    </bndbox>
  </object>
  <object>
    <name>Helmet</name>
    <bndbox>
      <xmin>249.0</xmin>
      <ymin>0.0</ymin>
      <xmax>269.0</xmax>
      <ymax>18.0</ymax>
    </bndbox>
  </object>
</annotations>
