<?xml version='1.0' encoding='utf-8'?>
<annotations>
  <folder>images</folder>
  <filename>hard_hat_workers4248.png</filename>
  <object>
    <name>Helmet</name>
    <bndbox>
      <xmin>222.0</xmin>
      <ymin>138.0</ymin>
      <xmax>258.0</xmax>
      <ymax>183.0</ymax>
    </bndbox>
  </object>
  <object>
    <name>Helmet</name>
    <bndbox>
      <xmin>262.0</xmin>
      <ymin>161.0</ymin>
      <xmax>300.0</xmax>
      <ymax>208.0</ymax>
    </bndbox>
  </object>
  <object>
    <name>Helmet</name>
    <bndbox>
      <xmin>323.0</xmin>
      <ymin>160.0</ymin>
      <xmax>378.0</xmax>
      <ymax>222.0</ymax>
    </bndbox>
  </object>
  <object>
    <name>Helmet</name>
    <bndbox>
      <xmin>136.0</xmin>
      <ymin>142.0</ymin>
      <xmax>166.0</xmax>
      <ymax>178.0</ymax>
    </bndbox>
  </object>
</annotations>
