<?xml version='1.0' encoding='utf-8'?>
<annotations>
  <folder>images</folder>
  <filename>hard_hat_workers3615.png</filename>
  <object>
    <name>Helmet</name>
    <bndbox>
      <xmin>305.0</xmin>
      <ymin>195.0</ymin>
      <xmax>377.0</xmax>
      <ymax>282.0</ymax>
    </bndbox>
  </object>
  <object>
    <name>Helmet</name>
    <bndbox>
      <xmin>227.0</xmin>
      <ymin>197.0</ymin>
      <xmax>275.0</xmax>
      <ymax>249.0</ymax>
    </bndbox>
  </object>
  <object>
    <name>Helmet</name>
    <bndbox>
      <xmin>121.0</xmin>
      <ymin>188.0</ymin>
      <xmax>180.0</xmax>
      <ymax>257.0</ymax>
    </bndbox>
  </object>
  <object>
    <name>Helmet</name>
    <bndbox>
      <xmin>191.0</xmin>
      <ymin>242.0</ymin>
      <xmax>283.0</xmax>
      <ymax>344.0</ymax>
    </bndbox>
  </object>
</annotations>
