<?xml version='1.0' encoding='utf-8'?>
<annotations>
  <folder>images</folder>
  <filename>hard_hat_workers3489.png</filename>
  <object>
    <name>Helmet</name>
    <bndbox>
      <xmin>2.0</xmin>
      <ymin>183.0</ymin>
      <xmax>36.0</xmax>
      <ymax>222.0</ymax>
    </bndbox>
  </object>
  <object>
    <name>Helmet</name>
    <bndbox>
      <xmin>116.0</xmin>
      <ymin>189.0</ymin>
      <xmax>144.0</xmax>
      <ymax>222.0</ymax>
    </bndbox>
  </object>
  <object>
    <name>Head</name>
    <bndbox>
      <xmin>67.0</xmin>
      <ymin>190.0</ymin>
      <xmax>83.0</xmax>
      <ymax>209.0</ymax>
    </bndbox>
  </object>
  <object>
    <name>Helmet</name>
    <bndbox>
      <xmin>212.0</xmin>
      <ymin>192.0</ymin>
      <xmax>232.0</xmax>
      <ymax>213.0</ymax>
    </bndbox>
  </object>
</annotations>
