<?xml version='1.0' encoding='utf-8'?>
<annotations>
  <folder>images</folder>
  <filename>hard_hat_workers3868.png</filename>
  <object>
    <name>Helmet</name>
    <bndbox>
      <xmin>64.0</xmin>
      <ymin>84.0</ymin>
      <xmax>135.0</xmax>
      <ymax>175.0</ymax>
    </bndbox>
  </object>
  <object>
    <name>Helmet</name>
    <bndbox>
      <xmin>61.0</xmin>
      <ymin>0.0</ymin>
      <xmax>135.0</xmax>
      <ymax>57.0</ymax>
    </bndbox>
  </object>
  <object>
    <name>Helmet</name>
    <bndbox>
      <xmin>215.0</xmin>
      <ymin>189.0</ymin>
      <xmax>294.0</xmax>
      <ymax>279.0</ymax>
    </bndbox>
  </object>
  <object>
    <name>Helmet</name>
    <bndbox>
      <xmin>186.0</xmin>
      <ymin>96.0</ymin>
      <xmax>253.0</xmax>
      <ymax>189.0</ymax>
    </bndbox>
  </object>
</annotations>
