<?xml version='1.0' encoding='utf-8'?>
<annotations>
  <folder>images</folder>
  <filename>hard_hat_workers3908.png</filename>
  <object>
    <name>Helmet</name>
    <bndbox>
      <xmin>201.0</xmin>
      <ymin>69.0</ymin>
      <xmax>317.0</xmax>
      <ymax>202.0</ymax>
    </bndbox>
  </object>
  <object>
    <name>Helmet</name>
    <bndbox>
      <xmin>199.0</xmin>
      <ymin>0.0</ymin>
      <xmax>316.0</xmax>
      <ymax>75.0</ymax>
    </bndbox>
  </object>
  <object>
    <name>Helmet</name>
    <bndbox>
      <xmin>37.0</xmin>
      <ymin>5.0</ymin>
      <xmax>74.0</xmax>
      <ymax>44.0</ymax>
    </bndbox>
  </object>
  <object>
    <name>Person</name>
    <bndbox>
      <xmin>101.0</xmin>
      <ymin>69.0</ymin>
      <xmax>379.0</xmax>
      <ymax>368.0</ymax>
    </bndbox>
  </object>
</annotations>
