<?xml version='1.0' encoding='utf-8'?>
<annotations>
  <folder>images</folder>
  <filename>hard_hat_workers588.png</filename>
  <object>
    <name>Helmet</name>
    <bndbox>
      <xmin>198.0</xmin>
      <ymin>145.0</ymin>
      <xmax>255.0</xmax>
      <ymax>216.0</ymax>
    </bndbox>
  </object>
  <object>
    <name>Head</name>
    <bndbox>
      <xmin>364.0</xmin>
      <ymin>229.0</ymin>
      <xmax>414.0</xmax>
      <ymax>332.0</ymax>
    </bndbox>
  </object>
  <object>
    <name>Person</name>
    <bndbox>
      <xmin>149.0</xmin>
      <ymin>144.0</ymin>
      <xmax>308.0</xmax>
      <ymax>364.0</ymax>
    </bndbox>
  </object>
</annotations>
