<?xml version='1.0' encoding='utf-8'?>
<annotations>
  <folder>images</folder>
  <filename>hard_hat_workers4797.png</filename>
  <object>
    <name>Head</name>
    <bndbox>
      <xmin>98.0</xmin>
      <ymin>0.0</ymin>
      <xmax>129.0</xmax>
      <ymax>37.0</ymax>
    </bndbox>
  </object>
  <object>
    <name>Head</name>
    <bndbox>
      <xmin>98.0</xmin>
      <ymin>144.0</ymin>
      <xmax>129.0</xmax>
      <ymax>180.0</ymax>
    </bndbox>
  </object>
  <object>
    <name>Head</name>
    <bndbox>
      <xmin>54.0</xmin>
      <ymin>151.0</ymin>
      <xmax>88.0</xmax>
      <ymax>192.0</ymax>
    </bndbox>
  </object>
  <object>
    <name>Head</name>
    <bndbox>
      <xmin>315.0</xmin>
      <ymin>136.0</ymin>
      <xmax>345.0</xmax>
      <ymax>171.0</ymax>
    </bndbox>
  </object>
</annotations>
