<?xml version='1.0' encoding='utf-8'?>
<annotations>
  <folder>images</folder>
  <filename>hard_hat_workers1548.png</filename>
  <object>
    <name>Helmet</name>
    <bndbox>
      <xmin>132.0</xmin>
      <ymin>195.0</ymin>
      <xmax>154.0</xmax>
      <ymax>220.0</ymax>
    </bndbox>
  </object>
  <object>
    <name>Helmet</name>
    <bndbox>
      <xmin>258.0</xmin>
      <ymin>213.0</ymin>
      <xmax>276.0</xmax>
      <ymax>233.0</ymax>
    </bndbox>
  </object>
  <object>
    <name>Helmet</name>
    <bndbox>
      <xmin>4.0</xmin>
      <ymin>263.0</ymin>
      <xmax>29.0</xmax>
      <ymax>296.0</ymax>
    </bndbox>
  </object>
  <object>
    <name>Helmet</name>
    <bndbox>
      <xmin>152.0</xmin>
      <ymin>166.0</ymin>
      <xmax>168.0</xmax>
      <ymax>183.0</ymax>
    </bndbox>
  </object>
</annotations>
