<?xml version='1.0' encoding='utf-8'?>
<annotations>
  <folder>images</folder>
  <filename>hard_hat_workers2062.png</filename>
  <object>
    <name>Helmet</name>
    <bndbox>
      <xmin>189.0</xmin>
      <ymin>237.0</ymin>
      <xmax>215.0</xmax>
      <ymax>265.0</ymax>
    </bndbox>
  </object>
  <object>
    <name>Helmet</name>
    <bndbox>
      <xmin>126.0</xmin>
      <ymin>225.0</ymin>
      <xmax>153.0</xmax>
      <ymax>257.0</ymax>
    </bndbox>
  </object>
  <object>
    <name>Person</name>
    <bndbox>
      <xmin>166.0</xmin>
      <ymin>239.0</ymin>
      <xmax>226.0</xmax>
      <ymax>318.0</ymax>
    </bndbox>
  </object>
  <object>
    <name>Person</name>
    <bndbox>
      <xmin>109.0</xmin>
      <ymin>229.0</ymin>
      <xmax>166.0</xmax>
      <ymax>315.0</ymax>
    </bndbox>
  </object>
</annotations>
