<?xml version='1.0' encoding='utf-8'?>
<annotations>
  <folder>images</folder>
  <filename>hard_hat_workers3517.png</filename>
  <object>
    <name>Head</name>
    <bndbox>
      <xmin>281.0</xmin>
      <ymin>130.0</ymin>
      <xmax>309.0</xmax>
      <ymax>165.0</ymax>
    </bndbox>
  </object>
  <object>
    <name>Head</name>
    <bndbox>
      <xmin>32.0</xmin>
      <ymin>114.0</ymin>
      <xmax>59.0</xmax>
      <ymax>150.0</ymax>
    </bndbox>
  </object>
  <object>
    <name>Head</name>
    <bndbox>
      <xmin>346.0</xmin>
      <ymin>141.0</ymin>
      <xmax>375.0</xmax>
      <ymax>176.0</ymax>
    </bndbox>
  </object>
  <object>
    <name>Head</name>
    <bndbox>
      <xmin>175.0</xmin>
      <ymin>130.0</ymin>
      <xmax>196.0</xmax>
      <ymax>158.0</ymax>
    </bndbox>
  </object>
</annotations>
