<?xml version='1.0' encoding='utf-8'?>
<annotations>
  <folder>images</folder>
  <filename>hard_hat_workers4588.png</filename>
  <object>
    <name>Helmet</name>
    <bndbox>
      <xmin>203.0</xmin>
      <ymin>143.0</ymin>
      <xmax>220.0</xmax>
      <ymax>163.0</ymax>
    </bndbox>
  </object>
  <object>
    <name>Helmet</name>
    <bndbox>
      <xmin>205.0</xmin>
      <ymin>20.0</ymin>
      <xmax>218.0</xmax>
      <ymax>36.0</ymax>
    </bndbox>
  </object>
  <object>
    <name>Helmet</name>
    <bndbox>
      <xmin>125.0</xmin>
      <ymin>176.0</ymin>
      <xmax>147.0</xmax>
      <ymax>202.0</ymax>
    </bndbox>
  </object>
  <object>
    <name>Helmet</name>
    <bndbox>
      <xmin>129.0</xmin>
      <ymin>0.0</ymin>
      <xmax>143.0</xmax>
      <ymax>5.0</ymax>
    </bndbox>
  </object>
</annotations>
