<?xml version='1.0' encoding='utf-8'?>
<annotations>
  <folder>images</folder>
  <filename>hard_hat_workers4776.png</filename>
  <object>
    <name>Helmet</name>
    <bndbox>
      <xmin>296.0</xmin>
      <ymin>180.0</ymin>
      <xmax>321.0</xmax>
      <ymax>207.0</ymax>
    </bndbox>
  </object>
  <object>
    <name>Helmet</name>
    <bndbox>
      <xmin>222.0</xmin>
      <ymin>199.0</ymin>
      <xmax>245.0</xmax>
      <ymax>222.0</ymax>
    </bndbox>
  </object>
  <object>
    <name>Helmet</name>
    <bndbox>
      <xmin>152.0</xmin>
      <ymin>107.0</ymin>
      <xmax>179.0</xmax>
      <ymax>132.0</ymax>
    </bndbox>
  </object>
  <object>
    <name>Helmet</name>
    <bndbox>
      <xmin>152.0</xmin>
      <ymin>7.0</ymin>
      <xmax>179.0</xmax>
      <ymax>30.0</ymax>
    </bndbox>
  </object>
</annotations>
