<?xml version='1.0' encoding='utf-8'?>
<annotations>
  <folder>images</folder>
  <filename>hard_hat_workers1848.png</filename>
  <object>
    <name>Helmet</name>
    <bndbox>
      <xmin>202.0</xmin>
      <ymin>77.0</ymin>
      <xmax>288.0</xmax>
      <ymax>185.0</ymax>
    </bndbox>
  </object>
  <object>
    <name>Helmet</name>
    <bndbox>
      <xmin>387.0</xmin>
      <ymin>358.0</ymin>
      <xmax>414.0</xmax>
      <ymax>410.0</ymax>
    </bndbox>
  </object>
  <object>
    <name>Person</name>
    <bndbox>
      <xmin>41.0</xmin>
      <ymin>54.0</ymin>
      <xmax>374.0</xmax>
      <ymax>416.0</ymax>
    </bndbox>
  </object>
</annotations>
