<?xml version='1.0' encoding='utf-8'?>
<annotations>
  <folder>images</folder>
  <filename>hard_hat_workers968.png</filename>
  <object>
    <name>Helmet</name>
    <bndbox>
      <xmin>270.0</xmin>
      <ymin>121.0</ymin>
      <xmax>305.0</xmax>
      <ymax>166.0</ymax>
    </bndbox>
  </object>
  <object>
    <name>Helmet</name>
    <bndbox>
      <xmin>351.0</xmin>
      <ymin>104.0</ymin>
      <xmax>380.0</xmax>
      <ymax>140.0</ymax>
    </bndbox>
  </object>
  <object>
    <name>Helmet</name>
    <bndbox>
      <xmin>353.0</xmin>
      <ymin>1.0</ymin>
      <xmax>379.0</xmax>
      <ymax>34.0</ymax>
    </bndbox>
  </object>
  <object>
    <name>Helmet</name>
    <bndbox>
      <xmin>273.0</xmin>
      <ymin>0.0</ymin>
      <xmax>304.0</xmax>
      <ymax>17.0</ymax>
    </bndbox>
  </object>
</annotations>
