<?xml version='1.0' encoding='utf-8'?>
<annotations>
  <folder>images</folder>
  <filename>hard_hat_workers2123.png</filename>
  <object>
    <name>Helmet</name>
    <bndbox>
      <xmin>301.0</xmin>
      <ymin>180.0</ymin>
      <xmax>333.0</xmax>
      <ymax>216.0</ymax>
    </bndbox>
  </object>
  <object>
    <name>Helmet</name>
    <bndbox>
      <xmin>246.0</xmin>
      <ymin>189.0</ymin>
      <xmax>275.0</xmax>
      <ymax>224.0</ymax>
    </bndbox>
  </object>
  <object>
    <name>Helmet</name>
    <bndbox>
      <xmin>278.0</xmin>
      <ymin>205.0</ymin>
      <xmax>297.0</xmax>
      <ymax>229.0</ymax>
    </bndbox>
  </object>
  <object>
    <name>Helmet</name>
    <bndbox>
      <xmin>231.0</xmin>
      <ymin>314.0</ymin>
      <xmax>289.0</xmax>
      <ymax>374.0</ymax>
    </bndbox>
  </object>
</annotations>
