<?xml version='1.0' encoding='utf-8'?>
<annotations>
  <folder>images</folder>
  <filename>hard_hat_workers750.png</filename>
  <object>
    <name>Helmet</name>
    <bndbox>
      <xmin>262.0</xmin>
      <ymin>71.0</ymin>
      <xmax>301.0</xmax>
      <ymax>117.0</ymax>
    </bndbox>
  </object>
  <object>
    <name>Helmet</name>
    <bndbox>
      <xmin>309.0</xmin>
      <ymin>29.0</ymin>
      <xmax>399.0</xmax>
      <ymax>145.0</ymax>
    </bndbox>
  </object>
  <object>
    <name>Helmet</name>
    <bndbox>
      <xmin>57.0</xmin>
      <ymin>77.0</ymin>
      <xmax>92.0</xmax>
      <ymax>125.0</ymax>
    </bndbox>
  </object>
  <object>
    <name>Helmet</name>
    <bndbox>
      <xmin>85.0</xmin>
      <ymin>56.0</ymin>
      <xmax>126.0</xmax>
      <ymax>112.0</ymax>
    </bndbox>
  </object>
</annotations>
