<?xml version='1.0' encoding='utf-8'?>
<annotations>
  <folder>images</folder>
  <filename>hard_hat_workers4969.png</filename>
  <object>
    <name>Helmet</name>
    <bndbox>
      <xmin>192.0</xmin>
      <ymin>113.0</ymin>
      <xmax>212.0</xmax>
      <ymax>137.0</ymax>
    </bndbox>
  </object>
  <object>
    <name>Head</name>
    <bndbox>
      <xmin>23.0</xmin>
      <ymin>138.0</ymin>
      <xmax>49.0</xmax>
      <ymax>167.0</ymax>
    </bndbox>
  </object>
  <object>
    <name>Head</name>
    <bndbox>
      <xmin>164.0</xmin>
      <ymin>122.0</ymin>
      <xmax>186.0</xmax>
      <ymax>146.0</ymax>
    </bndbox>
  </object>
  <object>
    <name>Helmet</name>
    <bndbox>
      <xmin>164.0</xmin>
      <ymin>122.0</ymin>
      <xmax>186.0</xmax>
      <ymax>146.0</ymax>
    </bndbox>
  </object>
</annotations>
