<?xml version='1.0' encoding='utf-8'?>
<annotations>
  <folder>images</folder>
  <filename>hard_hat_workers3262.png</filename>
  <object>
    <name>Helmet</name>
    <bndbox>
      <xmin>157.0</xmin>
      <ymin>137.0</ymin>
      <xmax>208.0</xmax>
      <ymax>193.0</ymax>
    </bndbox>
  </object>
  <object>
    <name>Helmet</name>
    <bndbox>
      <xmin>335.0</xmin>
      <ymin>70.0</ymin>
      <xmax>376.0</xmax>
      <ymax>105.0</ymax>
    </bndbox>
  </object>
  <object>
    <name>Helmet</name>
    <bndbox>
      <xmin>102.0</xmin>
      <ymin>194.0</ymin>
      <xmax>203.0</xmax>
      <ymax>323.0</ymax>
    </bndbox>
  </object>
  <object>
    <name>Helmet</name>
    <bndbox>
      <xmin>335.0</xmin>
      <ymin>35.0</ymin>
      <xmax>377.0</xmax>
      <ymax>70.0</ymax>
    </bndbox>
  </object>
</annotations>
