<?xml version='1.0' encoding='utf-8'?>
<annotations>
  <folder>images</folder>
  <filename>hard_hat_workers4549.png</filename>
  <object>
    <name>Helmet</name>
    <bndbox>
      <xmin>243.0</xmin>
      <ymin>107.0</ymin>
      <xmax>280.0</xmax>
      <ymax>144.0</ymax>
    </bndbox>
  </object>
  <object>
    <name>Helmet</name>
    <bndbox>
      <xmin>157.0</xmin>
      <ymin>151.0</ymin>
      <xmax>185.0</xmax>
      <ymax>178.0</ymax>
    </bndbox>
  </object>
  <object>
    <name>Helmet</name>
    <bndbox>
      <xmin>138.0</xmin>
      <ymin>137.0</ymin>
      <xmax>170.0</xmax>
      <ymax>171.0</ymax>
    </bndbox>
  </object>
  <object>
    <name>Helmet</name>
    <bndbox>
      <xmin>143.0</xmin>
      <ymin>143.0</ymin>
      <xmax>180.0</xmax>
      <ymax>180.0</ymax>
    </bndbox>
  </object>
</annotations>
