<?xml version='1.0' encoding='utf-8'?>
<annotations>
  <folder>images</folder>
  <filename>hard_hat_workers3320.png</filename>
  <object>
    <name>Helmet</name>
    <bndbox>
      <xmin>162.0</xmin>
      <ymin>237.0</ymin>
      <xmax>188.0</xmax>
      <ymax>260.0</ymax>
    </bndbox>
  </object>
  <object>
    <name>Helmet</name>
    <bndbox>
      <xmin>120.0</xmin>
      <ymin>260.0</ymin>
      <xmax>131.0</xmax>
      <ymax>273.0</ymax>
    </bndbox>
  </object>
  <object>
    <name>Helmet</name>
    <bndbox>
      <xmin>10.0</xmin>
      <ymin>265.0</ymin>
      <xmax>17.0</xmax>
      <ymax>274.0</ymax>
    </bndbox>
  </object>
  <object>
    <name>Person</name>
    <bndbox>
      <xmin>145.0</xmin>
      <ymin>350.0</ymin>
      <xmax>198.0</xmax>
      <ymax>414.0</ymax>
    </bndbox>
  </object>
</annotations>
