<?xml version='1.0' encoding='utf-8'?>
<annotations>
  <folder>images</folder>
  <filename>hard_hat_workers2794.png</filename>
  <object>
    <name>Helmet</name>
    <bndbox>
      <xmin>281.0</xmin>
      <ymin>1.0</ymin>
      <xmax>316.0</xmax>
      <ymax>44.0</ymax>
    </bndbox>
  </object>
  <object>
    <name>Helmet</name>
    <bndbox>
      <xmin>93.0</xmin>
      <ymin>96.0</ymin>
      <xmax>141.0</xmax>
      <ymax>146.0</ymax>
    </bndbox>
  </object>
  <object>
    <name>Helmet</name>
    <bndbox>
      <xmin>304.0</xmin>
      <ymin>164.0</ymin>
      <xmax>347.0</xmax>
      <ymax>218.0</ymax>
    </bndbox>
  </object>
  <object>
    <name>Helmet</name>
    <bndbox>
      <xmin>281.0</xmin>
      <ymin>101.0</ymin>
      <xmax>316.0</xmax>
      <ymax>145.0</ymax>
    </bndbox>
  </object>
</annotations>
