<?xml version='1.0' encoding='utf-8'?>
<annotations>
  <folder>images</folder>
  <filename>hard_hat_workers34.png</filename>
  <object>
    <name>Helmet</name>
    <bndbox>
      <xmin>194.0</xmin>
      <ymin>169.0</ymin>
      <xmax>237.0</xmax>
      <ymax>216.0</ymax>
    </bndbox>
  </object>
  <object>
    <name>Helmet</name>
    <bndbox>
      <xmin>265.0</xmin>
      <ymin>186.0</ymin>
      <xmax>304.0</xmax>
      <ymax>227.0</ymax>
    </bndbox>
  </object>
  <object>
    <name>Helmet</name>
    <bndbox>
      <xmin>80.0</xmin>
      <ymin>157.0</ymin>
      <xmax>128.0</xmax>
      <ymax>211.0</ymax>
    </bndbox>
  </object>
  <object>
    <name>Helmet</name>
    <bndbox>
      <xmin>300.0</xmin>
      <ymin>0.0</ymin>
      <xmax>333.0</xmax>
      <ymax>29.0</ymax>
    </bndbox>
  </object>
</annotations>
