<?xml version='1.0' encoding='utf-8'?>
<annotations>
  <folder>images</folder>
  <filename>hard_hat_workers3446.png</filename>
  <object>
    <name>Helmet</name>
    <bndbox>
      <xmin>127.0</xmin>
      <ymin>64.0</ymin>
      <xmax>186.0</xmax>
      <ymax>117.0</ymax>
    </bndbox>
  </object>
  <object>
    <name>Helmet</name>
    <bndbox>
      <xmin>256.0</xmin>
      <ymin>114.0</ymin>
      <xmax>282.0</xmax>
      <ymax>138.0</ymax>
    </bndbox>
  </object>
  <object>
    <name>Helmet</name>
    <bndbox>
      <xmin>0.0</xmin>
      <ymin>64.0</ymin>
      <xmax>16.0</xmax>
      <ymax>115.0</ymax>
    </bndbox>
  </object>
</annotations>
