<?xml version='1.0' encoding='utf-8'?>
<annotations>
  <folder>images</folder>
  <filename>hard_hat_workers4504.png</filename>
  <object>
    <name>Helmet</name>
    <bndbox>
      <xmin>153.0</xmin>
      <ymin>144.0</ymin>
      <xmax>209.0</xmax>
      <ymax>206.0</ymax>
    </bndbox>
  </object>
  <object>
    <name>Helmet</name>
    <bndbox>
      <xmin>234.0</xmin>
      <ymin>219.0</ymin>
      <xmax>277.0</xmax>
      <ymax>267.0</ymax>
    </bndbox>
  </object>
  <object>
    <name>Person</name>
    <bndbox>
      <xmin>116.0</xmin>
      <ymin>142.0</ymin>
      <xmax>276.0</xmax>
      <ymax>325.0</ymax>
    </bndbox>
  </object>
</annotations>
