<?xml version='1.0' encoding='utf-8'?>
<annotations>
  <folder>images</folder>
  <filename>hard_hat_workers2454.png</filename>
  <object>
    <name>Helmet</name>
    <bndbox>
      <xmin>115.0</xmin>
      <ymin>220.0</ymin>
      <xmax>153.0</xmax>
      <ymax>261.0</ymax>
    </bndbox>
  </object>
  <object>
    <name>Helmet</name>
    <bndbox>
      <xmin>196.0</xmin>
      <ymin>202.0</ymin>
      <xmax>225.0</xmax>
      <ymax>237.0</ymax>
    </bndbox>
  </object>
  <object>
    <name>Helmet</name>
    <bndbox>
      <xmin>257.0</xmin>
      <ymin>281.0</ymin>
      <xmax>320.0</xmax>
      <ymax>339.0</ymax>
    </bndbox>
  </object>
  <object>
    <name>Helmet</name>
    <bndbox>
      <xmin>8.0</xmin>
      <ymin>188.0</ymin>
      <xmax>37.0</xmax>
      <ymax>215.0</ymax>
    </bndbox>
  </object>
</annotations>
