<?xml version='1.0' encoding='utf-8'?>
<annotations>
  <folder>images</folder>
  <filename>hard_hat_workers630.png</filename>
  <object>
    <name>Helmet</name>
    <bndbox>
      <xmin>164.0</xmin>
      <ymin>160.0</ymin>
      <xmax>200.0</xmax>
      <ymax>194.0</ymax>
    </bndbox>
  </object>
  <object>
    <name>Person</name>
    <bndbox>
      <xmin>91.0</xmin>
      <ymin>159.0</ymin>
      <xmax>205.0</xmax>
      <ymax>256.0</ymax>
    </bndbox>
  </object>
  <object>
    <name>Helmet</name>
    <bndbox>
      <xmin>370.0</xmin>
      <ymin>0.0</ymin>
      <xmax>397.0</xmax>
      <ymax>25.0</ymax>
    </bndbox>
  </object>
  <object>
    <name>Helmet</name>
    <bndbox>
      <xmin>317.0</xmin>
      <ymin>201.0</ymin>
      <xmax>333.0</xmax>
      <ymax>220.0</ymax>
    </bndbox>
  </object>
</annotations>
