<?xml version='1.0' encoding='utf-8'?>
<annotations>
  <folder>images</folder>
  <filename>hard_hat_workers2983.png</filename>
  <object>
    <name>Helmet</name>
    <bndbox>
      <xmin>127.0</xmin>
      <ymin>98.0</ymin>
      <xmax>156.0</xmax>
      <ymax>135.0</ymax>
    </bndbox>
  </object>
  <object>
    <name>Helmet</name>
    <bndbox>
      <xmin>92.0</xmin>
      <ymin>85.0</ymin>
      <xmax>119.0</xmax>
      <ymax>118.0</ymax>
    </bndbox>
  </object>
  <object>
    <name>Helmet</name>
    <bndbox>
      <xmin>209.0</xmin>
      <ymin>168.0</ymin>
      <xmax>257.0</xmax>
      <ymax>226.0</ymax>
    </bndbox>
  </object>
  <object>
    <name>Helmet</name>
    <bndbox>
      <xmin>171.0</xmin>
      <ymin>124.0</ymin>
      <xmax>209.0</xmax>
      <ymax>160.0</ymax>
    </bndbox>
  </object>
</annotations>
