<?xml version='1.0' encoding='utf-8'?>
<annotations>
  <folder>images</folder>
  <filename>hard_hat_workers1684.png</filename>
  <object>
    <name>Helmet</name>
    <bndbox>
      <xmin>176.0</xmin>
      <ymin>94.0</ymin>
      <xmax>217.0</xmax>
      <ymax>138.0</ymax>
    </bndbox>
  </object>
  <object>
    <name>Helmet</name>
    <bndbox>
      <xmin>175.0</xmin>
      <ymin>5.0</ymin>
      <xmax>214.0</xmax>
      <ymax>47.0</ymax>
    </bndbox>
  </object>
  <object>
    <name>Helmet</name>
    <bndbox>
      <xmin>245.0</xmin>
      <ymin>135.0</ymin>
      <xmax>270.0</xmax>
      <ymax>167.0</ymax>
    </bndbox>
  </object>
  <object>
    <name>Helmet</name>
    <bndbox>
      <xmin>242.0</xmin>
      <ymin>0.0</ymin>
      <xmax>272.0</xmax>
      <ymax>8.0</ymax>
    </bndbox>
  </object>
</annotations>
