<?xml version='1.0' encoding='utf-8'?>
<annotations>
  <folder>images</folder>
  <filename>hard_hat_workers121.png</filename>
  <object>
    <name>Helmet</name>
    <bndbox>
      <xmin>220.0</xmin>
      <ymin>84.0</ymin>
      <xmax>254.0</xmax>
      <ymax>123.0</ymax>
    </bndbox>
  </object>
  <object>
    <name>Helmet</name>
    <bndbox>
      <xmin>176.0</xmin>
      <ymin>146.0</ymin>
      <xmax>232.0</xmax>
      <ymax>207.0</ymax>
    </bndbox>
  </object>
  <object>
    <name>Helmet</name>
    <bndbox>
      <xmin>395.0</xmin>
      <ymin>7.0</ymin>
      <xmax>416.0</xmax>
      <ymax>39.0</ymax>
    </bndbox>
  </object>
  <object>
    <name>Helmet</name>
    <bndbox>
      <xmin>220.0</xmin>
      <ymin>13.0</ymin>
      <xmax>255.0</xmax>
      <ymax>52.0</ymax>
    </bndbox>
  </object>
</annotations>
