<?xml version='1.0' encoding='utf-8'?>
<annotations>
  <folder>images</folder>
  <filename>hard_hat_workers1068.png</filename>
  <object>
    <name>Helmet</name>
    <bndbox>
      <xmin>222.0</xmin>
      <ymin>116.0</ymin>
      <xmax>241.0</xmax>
      <ymax>136.0</ymax>
    </bndbox>
  </object>
  <object>
    <name>Helmet</name>
    <bndbox>
      <xmin>183.0</xmin>
      <ymin>29.0</ymin>
      <xmax>206.0</xmax>
      <ymax>54.0</ymax>
    </bndbox>
  </object>
  <object>
    <name>Helmet</name>
    <bndbox>
      <xmin>221.0</xmin>
      <ymin>9.0</ymin>
      <xmax>242.0</xmax>
      <ymax>30.0</ymax>
    </bndbox>
  </object>
  <object>
    <name>Helmet</name>
    <bndbox>
      <xmin>182.0</xmin>
      <ymin>88.0</ymin>
      <xmax>207.0</xmax>
      <ymax>118.0</ymax>
    </bndbox>
  </object>
</annotations>
