<?xml version='1.0' encoding='utf-8'?>
<annotations>
  <folder>images</folder>
  <filename>hard_hat_workers509.png</filename>
  <object>
    <name>Helmet</name>
    <bndbox>
      <xmin>304.0</xmin>
      <ymin>143.0</ymin>
      <xmax>343.0</xmax>
      <ymax>187.0</ymax>
    </bndbox>
  </object>
  <object>
    <name>Helmet</name>
    <bndbox>
      <xmin>83.0</xmin>
      <ymin>119.0</ymin>
      <xmax>120.0</xmax>
      <ymax>165.0</ymax>
    </bndbox>
  </object>
  <object>
    <name>Helmet</name>
    <bndbox>
      <xmin>185.0</xmin>
      <ymin>125.0</ymin>
      <xmax>217.0</xmax>
      <ymax>167.0</ymax>
    </bndbox>
  </object>
  <object>
    <name>Helmet</name>
    <bndbox>
      <xmin>82.0</xmin>
      <ymin>0.0</ymin>
      <xmax>119.0</xmax>
      <ymax>19.0</ymax>
    </bndbox>
  </object>
</annotations>
