<?xml version='1.0' encoding='utf-8'?>
<annotations>
  <folder>images</folder>
  <filename>hard_hat_workers4130.png</filename>
  <object>
    <name>Helmet</name>
    <bndbox>
      <xmin>378.0</xmin>
      <ymin>150.0</ymin>
      <xmax>416.0</xmax>
      <ymax>207.0</ymax>
    </bndbox>
  </object>
  <object>
    <name>Helmet</name>
    <bndbox>
      <xmin>310.0</xmin>
      <ymin>141.0</ymin>
      <xmax>362.0</xmax>
      <ymax>204.0</ymax>
    </bndbox>
  </object>
  <object>
    <name>Helmet</name>
    <bndbox>
      <xmin>4.0</xmin>
      <ymin>134.0</ymin>
      <xmax>43.0</xmax>
      <ymax>187.0</ymax>
    </bndbox>
  </object>
  <object>
    <name>Helmet</name>
    <bndbox>
      <xmin>80.0</xmin>
      <ymin>140.0</ymin>
      <xmax>127.0</xmax>
      <ymax>203.0</ymax>
    </bndbox>
  </object>
</annotations>
