<?xml version='1.0' encoding='utf-8'?>
<annotations>
  <folder>images</folder>
  <filename>hard_hat_workers237.png</filename>
  <object>
    <name>Helmet</name>
    <bndbox>
      <xmin>284.0</xmin>
      <ymin>214.0</ymin>
      <xmax>307.0</xmax>
      <ymax>235.0</ymax>
    </bndbox>
  </object>
  <object>
    <name>Helmet</name>
    <bndbox>
      <xmin>246.0</xmin>
      <ymin>104.0</ymin>
      <xmax>268.0</xmax>
      <ymax>128.0</ymax>
    </bndbox>
  </object>
  <object>
    <name>Helmet</name>
    <bndbox>
      <xmin>277.0</xmin>
      <ymin>13.0</ymin>
      <xmax>295.0</xmax>
      <ymax>31.0</ymax>
    </bndbox>
  </object>
  <object>
    <name>Helmet</name>
    <bndbox>
      <xmin>301.0</xmin>
      <ymin>209.0</ymin>
      <xmax>320.0</xmax>
      <ymax>227.0</ymax>
    </bndbox>
  </object>
</annotations>
