<?xml version='1.0' encoding='utf-8'?>
<annotations>
  <folder>images</folder>
  <filename>hard_hat_workers1952.png</filename>
  <object>
    <name>Helmet</name>
    <bndbox>
      <xmin>72.0</xmin>
      <ymin>239.0</ymin>
      <xmax>94.0</xmax>
      <ymax>264.0</ymax>
    </bndbox>
  </object>
  <object>
    <name>Helmet</name>
    <bndbox>
      <xmin>235.0</xmin>
      <ymin>163.0</ymin>
      <xmax>260.0</xmax>
      <ymax>191.0</ymax>
    </bndbox>
  </object>
  <object>
    <name>Helmet</name>
    <bndbox>
      <xmin>119.0</xmin>
      <ymin>98.0</ymin>
      <xmax>145.0</xmax>
      <ymax>122.0</ymax>
    </bndbox>
  </object>
  <object>
    <name>Helmet</name>
    <bndbox>
      <xmin>119.0</xmin>
      <ymin>14.0</ymin>
      <xmax>144.0</xmax>
      <ymax>39.0</ymax>
    </bndbox>
  </object>
</annotations>
