<?xml version='1.0' encoding='utf-8'?>
<annotations>
  <folder>images</folder>
  <filename>hard_hat_workers2274.png</filename>
  <object>
    <name>Head</name>
    <bndbox>
      <xmin>60.0</xmin>
      <ymin>105.0</ymin>
      <xmax>93.0</xmax>
      <ymax>147.0</ymax>
    </bndbox>
  </object>
  <object>
    <name>Head</name>
    <bndbox>
      <xmin>319.0</xmin>
      <ymin>100.0</ymin>
      <xmax>354.0</xmax>
      <ymax>145.0</ymax>
    </bndbox>
  </object>
  <object>
    <name>Head</name>
    <bndbox>
      <xmin>244.0</xmin>
      <ymin>113.0</ymin>
      <xmax>275.0</xmax>
      <ymax>151.0</ymax>
    </bndbox>
  </object>
  <object>
    <name>Head</name>
    <bndbox>
      <xmin>208.0</xmin>
      <ymin>121.0</ymin>
      <xmax>226.0</xmax>
      <ymax>144.0</ymax>
    </bndbox>
  </object>
</annotations>
