<?xml version='1.0' encoding='utf-8'?>
<annotations>
  <folder>images</folder>
  <filename>hard_hat_workers1961.png</filename>
  <object>
    <name>Helmet</name>
    <bndbox>
      <xmin>249.0</xmin>
      <ymin>110.0</ymin>
      <xmax>318.0</xmax>
      <ymax>201.0</ymax>
    </bndbox>
  </object>
  <object>
    <name>Helmet</name>
    <bndbox>
      <xmin>199.0</xmin>
      <ymin>122.0</ymin>
      <xmax>264.0</xmax>
      <ymax>213.0</ymax>
    </bndbox>
  </object>
  <object>
    <name>Helmet</name>
    <bndbox>
      <xmin>222.0</xmin>
      <ymin>120.0</ymin>
      <xmax>297.0</xmax>
      <ymax>211.0</ymax>
    </bndbox>
  </object>
  <object>
    <name>Person</name>
    <bndbox>
      <xmin>144.0</xmin>
      <ymin>125.0</ymin>
      <xmax>267.0</xmax>
      <ymax>372.0</ymax>
    </bndbox>
  </object>
</annotations>
