<?xml version='1.0' encoding='utf-8'?>
<annotations>
  <folder>images</folder>
  <filename>hard_hat_workers4410.png</filename>
  <object>
    <name>Helmet</name>
    <bndbox>
      <xmin>228.0</xmin>
      <ymin>73.0</ymin>
      <xmax>325.0</xmax>
      <ymax>170.0</ymax>
    </bndbox>
  </object>
  <object>
    <name>Helmet</name>
    <bndbox>
      <xmin>228.0</xmin>
      <ymin>0.0</ymin>
      <xmax>320.0</xmax>
      <ymax>73.0</ymax>
    </bndbox>
  </object>
  <object>
    <name>Helmet</name>
    <bndbox>
      <xmin>47.0</xmin>
      <ymin>83.0</ymin>
      <xmax>135.0</xmax>
      <ymax>185.0</ymax>
    </bndbox>
  </object>
  <object>
    <name>Helmet</name>
    <bndbox>
      <xmin>43.0</xmin>
      <ymin>0.0</ymin>
      <xmax>131.0</xmax>
      <ymax>61.0</ymax>
    </bndbox>
  </object>
</annotations>
