<?xml version='1.0' encoding='utf-8'?>
<annotations>
  <folder>images</folder>
  <filename>hard_hat_workers412.png</filename>
  <object>
    <name>Helmet</name>
    <bndbox>
      <xmin>32.0</xmin>
      <ymin>171.0</ymin>
      <xmax>88.0</xmax>
      <ymax>230.0</ymax>
    </bndbox>
  </object>
  <object>
    <name>Helmet</name>
    <bndbox>
      <xmin>156.0</xmin>
      <ymin>205.0</ymin>
      <xmax>170.0</xmax>
      <ymax>221.0</ymax>
    </bndbox>
  </object>
  <object>
    <name>Helmet</name>
    <bndbox>
      <xmin>115.0</xmin>
      <ymin>191.0</ymin>
      <xmax>134.0</xmax>
      <ymax>210.0</ymax>
    </bndbox>
  </object>
  <object>
    <name>Helmet</name>
    <bndbox>
      <xmin>205.0</xmin>
      <ymin>203.0</ymin>
      <xmax>219.0</xmax>
      <ymax>218.0</ymax>
    </bndbox>
  </object>
</annotations>
