<?xml version='1.0' encoding='utf-8'?>
<annotations>
  <folder>images</folder>
  <filename>hard_hat_workers2547.png</filename>
  <object>
    <name>Helmet</name>
    <bndbox>
      <xmin>286.0</xmin>
      <ymin>105.0</ymin>
      <xmax>363.0</xmax>
      <ymax>192.0</ymax>
    </bndbox>
  </object>
  <object>
    <name>Helmet</name>
    <bndbox>
      <xmin>285.0</xmin>
      <ymin>0.0</ymin>
      <xmax>362.0</xmax>
      <ymax>33.0</ymax>
    </bndbox>
  </object>
  <object>
    <name>Person</name>
    <bndbox>
      <xmin>183.0</xmin>
      <ymin>106.0</ymin>
      <xmax>416.0</xmax>
      <ymax>356.0</ymax>
    </bndbox>
  </object>
  <object>
    <name>Helmet</name>
    <bndbox>
      <xmin>0.0</xmin>
      <ymin>298.0</ymin>
      <xmax>48.0</xmax>
      <ymax>344.0</ymax>
    </bndbox>
  </object>
</annotations>
