<?xml version='1.0' encoding='utf-8'?>
<annotations>
  <folder>images</folder>
  <filename>hard_hat_workers4281.png</filename>
  <object>
    <name>Helmet</name>
    <bndbox>
      <xmin>85.0</xmin>
      <ymin>112.0</ymin>
      <xmax>163.0</xmax>
      <ymax>198.0</ymax>
    </bndbox>
  </object>
  <object>
    <name>Helmet</name>
    <bndbox>
      <xmin>252.0</xmin>
      <ymin>120.0</ymin>
      <xmax>339.0</xmax>
      <ymax>204.0</ymax>
    </bndbox>
  </object>
  <object>
    <name>Helmet</name>
    <bndbox>
      <xmin>351.0</xmin>
      <ymin>119.0</ymin>
      <xmax>415.0</xmax>
      <ymax>201.0</ymax>
    </bndbox>
  </object>
  <object>
    <name>Helmet</name>
    <bndbox>
      <xmin>0.0</xmin>
      <ymin>112.0</ymin>
      <xmax>50.0</xmax>
      <ymax>194.0</ymax>
    </bndbox>
  </object>
</annotations>
