<?xml version='1.0' encoding='utf-8'?>
<annotations>
  <folder>images</folder>
  <filename>hard_hat_workers889.png</filename>
  <object>
    <name>Helmet</name>
    <bndbox>
      <xmin>220.0</xmin>
      <ymin>159.0</ymin>
      <xmax>263.0</xmax>
      <ymax>212.0</ymax>
    </bndbox>
  </object>
  <object>
    <name>Helmet</name>
    <bndbox>
      <xmin>194.0</xmin>
      <ymin>169.0</ymin>
      <xmax>226.0</xmax>
      <ymax>212.0</ymax>
    </bndbox>
  </object>
  <object>
    <name>Helmet</name>
    <bndbox>
      <xmin>262.0</xmin>
      <ymin>179.0</ymin>
      <xmax>285.0</xmax>
      <ymax>206.0</ymax>
    </bndbox>
  </object>
  <object>
    <name>Person</name>
    <bndbox>
      <xmin>156.0</xmin>
      <ymin>160.0</ymin>
      <xmax>278.0</xmax>
      <ymax>351.0</ymax>
    </bndbox>
  </object>
</annotations>
