<?xml version='1.0' encoding='utf-8'?>
<annotations>
  <folder>images</folder>
  <filename>hard_hat_workers854.png</filename>
  <object>
    <name>Helmet</name>
    <bndbox>
      <xmin>248.0</xmin>
      <ymin>102.0</ymin>
      <xmax>327.0</xmax>
      <ymax>195.0</ymax>
    </bndbox>
  </object>
  <object>
    <name>Helmet</name>
    <bndbox>
      <xmin>378.0</xmin>
      <ymin>129.0</ymin>
      <xmax>415.0</xmax>
      <ymax>174.0</ymax>
    </bndbox>
  </object>
  <object>
    <name>Helmet</name>
    <bndbox>
      <xmin>250.0</xmin>
      <ymin>1.0</ymin>
      <xmax>327.0</xmax>
      <ymax>44.0</ymax>
    </bndbox>
  </object>
  <object>
    <name>Helmet</name>
    <bndbox>
      <xmin>378.0</xmin>
      <ymin>0.0</ymin>
      <xmax>415.0</xmax>
      <ymax>19.0</ymax>
    </bndbox>
  </object>
</annotations>
