<?xml version='1.0' encoding='utf-8'?>
<annotations>
  <folder>images</folder>
  <filename>hard_hat_workers841.png</filename>
  <object>
    <name>Head</name>
    <bndbox>
      <xmin>86.0</xmin>
      <ymin>217.0</ymin>
      <xmax>104.0</xmax>
      <ymax>239.0</ymax>
    </bndbox>
  </object>
  <object>
    <name>Head</name>
    <bndbox>
      <xmin>338.0</xmin>
      <ymin>215.0</ymin>
      <xmax>356.0</xmax>
      <ymax>237.0</ymax>
    </bndbox>
  </object>
  <object>
    <name>Head</name>
    <bndbox>
      <xmin>259.0</xmin>
      <ymin>215.0</ymin>
      <xmax>277.0</xmax>
      <ymax>236.0</ymax>
    </bndbox>
  </object>
  <object>
    <name>Head</name>
    <bndbox>
      <xmin>207.0</xmin>
      <ymin>216.0</ymin>
      <xmax>218.0</xmax>
      <ymax>231.0</ymax>
    </bndbox>
  </object>
</annotations>
