<?xml version='1.0' encoding='utf-8'?>
<annotations>
  <folder>images</folder>
  <filename>hard_hat_workers2803.png</filename>
  <object>
    <name>Helmet</name>
    <bndbox>
      <xmin>102.0</xmin>
      <ymin>93.0</ymin>
      <xmax>148.0</xmax>
      <ymax>152.0</ymax>
    </bndbox>
  </object>
  <object>
    <name>Helmet</name>
    <bndbox>
      <xmin>103.0</xmin>
      <ymin>1.0</ymin>
      <xmax>146.0</xmax>
      <ymax>47.0</ymax>
    </bndbox>
  </object>
  <object>
    <name>Head</name>
    <bndbox>
      <xmin>360.0</xmin>
      <ymin>0.0</ymin>
      <xmax>406.0</xmax>
      <ymax>50.0</ymax>
    </bndbox>
  </object>
  <object>
    <name>Helmet</name>
    <bndbox>
      <xmin>358.0</xmin>
      <ymin>17.0</ymin>
      <xmax>400.0</xmax>
      <ymax>62.0</ymax>
    </bndbox>
  </object>
</annotations>
