<?xml version='1.0' encoding='utf-8'?>
<annotations>
  <folder>images</folder>
  <filename>hard_hat_workers3011.png</filename>
  <object>
    <name>Helmet</name>
    <bndbox>
      <xmin>275.0</xmin>
      <ymin>100.0</ymin>
      <xmax>333.0</xmax>
      <ymax>178.0</ymax>
    </bndbox>
  </object>
  <object>
    <name>Helmet</name>
    <bndbox>
      <xmin>114.0</xmin>
      <ymin>119.0</ymin>
      <xmax>163.0</xmax>
      <ymax>184.0</ymax>
    </bndbox>
  </object>
  <object>
    <name>Helmet</name>
    <bndbox>
      <xmin>348.0</xmin>
      <ymin>110.0</ymin>
      <xmax>393.0</xmax>
      <ymax>167.0</ymax>
    </bndbox>
  </object>
  <object>
    <name>Helmet</name>
    <bndbox>
      <xmin>213.0</xmin>
      <ymin>95.0</ymin>
      <xmax>258.0</xmax>
      <ymax>155.0</ymax>
    </bndbox>
  </object>
</annotations>
