<?xml version='1.0' encoding='utf-8'?>
<annotations>
  <folder>images</folder>
  <filename>hard_hat_workers1724.png</filename>
  <object>
    <name>Head</name>
    <bndbox>
      <xmin>0.0</xmin>
      <ymin>163.0</ymin>
      <xmax>40.0</xmax>
      <ymax>277.0</ymax>
    </bndbox>
  </object>
  <object>
    <name>Head</name>
    <bndbox>
      <xmin>137.0</xmin>
      <ymin>192.0</ymin>
      <xmax>156.0</xmax>
      <ymax>216.0</ymax>
    </bndbox>
  </object>
  <object>
    <name>Head</name>
    <bndbox>
      <xmin>287.0</xmin>
      <ymin>209.0</ymin>
      <xmax>307.0</xmax>
      <ymax>235.0</ymax>
    </bndbox>
  </object>
  <object>
    <name>Head</name>
    <bndbox>
      <xmin>116.0</xmin>
      <ymin>189.0</ymin>
      <xmax>137.0</xmax>
      <ymax>215.0</ymax>
    </bndbox>
  </object>
</annotations>
