<?xml version='1.0' encoding='utf-8'?>
<annotations>
  <folder>images</folder>
  <filename>hard_hat_workers56.png</filename>
  <object>
    <name>Helmet</name>
    <bndbox>
      <xmin>101.0</xmin>
      <ymin>101.0</ymin>
      <xmax>182.0</xmax>
      <ymax>178.0</ymax>
    </bndbox>
  </object>
  <object>
    <name>Helmet</name>
    <bndbox>
      <xmin>100.0</xmin>
      <ymin>0.0</ymin>
      <xmax>163.0</xmax>
      <ymax>40.0</ymax>
    </bndbox>
  </object>
  <object>
    <name>Head</name>
    <bndbox>
      <xmin>158.0</xmin>
      <ymin>0.0</ymin>
      <xmax>185.0</xmax>
      <ymax>23.0</ymax>
    </bndbox>
  </object>
  <object>
    <name>Person</name>
    <bndbox>
      <xmin>137.0</xmin>
      <ymin>349.0</ymin>
      <xmax>320.0</xmax>
      <ymax>413.0</ymax>
    </bndbox>
  </object>
</annotations>
