<?xml version='1.0' encoding='utf-8'?>
<annotations>
  <folder>images</folder>
  <filename>hard_hat_workers4082.png</filename>
  <object>
    <name>Helmet</name>
    <bndbox>
      <xmin>126.0</xmin>
      <ymin>150.0</ymin>
      <xmax>153.0</xmax>
      <ymax>178.0</ymax>
    </bndbox>
  </object>
  <object>
    <name>Helmet</name>
    <bndbox>
      <xmin>266.0</xmin>
      <ymin>134.0</ymin>
      <xmax>335.0</xmax>
      <ymax>200.0</ymax>
    </bndbox>
  </object>
  <object>
    <name>Helmet</name>
    <bndbox>
      <xmin>271.0</xmin>
      <ymin>142.0</ymin>
      <xmax>312.0</xmax>
      <ymax>188.0</ymax>
    </bndbox>
  </object>
</annotations>
