<?xml version='1.0' encoding='utf-8'?>
<annotations>
  <folder>images</folder>
  <filename>hard_hat_workers3180.png</filename>
  <object>
    <name>Helmet</name>
    <bndbox>
      <xmin>146.0</xmin>
      <ymin>89.0</ymin>
      <xmax>221.0</xmax>
      <ymax>178.0</ymax>
    </bndbox>
  </object>
  <object>
    <name>Helmet</name>
    <bndbox>
      <xmin>141.0</xmin>
      <ymin>0.0</ymin>
      <xmax>223.0</xmax>
      <ymax>61.0</ymax>
    </bndbox>
  </object>
  <object>
    <name>Helmet</name>
    <bndbox>
      <xmin>234.0</xmin>
      <ymin>197.0</ymin>
      <xmax>285.0</xmax>
      <ymax>267.0</ymax>
    </bndbox>
  </object>
  <object>
    <name>Helmet</name>
    <bndbox>
      <xmin>274.0</xmin>
      <ymin>186.0</ymin>
      <xmax>318.0</xmax>
      <ymax>238.0</ymax>
    </bndbox>
  </object>
</annotations>
