<?xml version='1.0' encoding='utf-8'?>
<annotations>
  <folder>images</folder>
  <filename>hard_hat_workers3314.png</filename>
  <object>
    <name>Head</name>
    <bndbox>
      <xmin>322.0</xmin>
      <ymin>147.0</ymin>
      <xmax>382.0</xmax>
      <ymax>220.0</ymax>
    </bndbox>
  </object>
  <object>
    <name>Head</name>
    <bndbox>
      <xmin>222.0</xmin>
      <ymin>178.0</ymin>
      <xmax>282.0</xmax>
      <ymax>247.0</ymax>
    </bndbox>
  </object>
  <object>
    <name>Head</name>
    <bndbox>
      <xmin>21.0</xmin>
      <ymin>148.0</ymin>
      <xmax>91.0</xmax>
      <ymax>225.0</ymax>
    </bndbox>
  </object>
  <object>
    <name>Head</name>
    <bndbox>
      <xmin>117.0</xmin>
      <ymin>108.0</ymin>
      <xmax>239.0</xmax>
      <ymax>207.0</ymax>
    </bndbox>
  </object>
</annotations>
