<?xml version='1.0' encoding='utf-8'?>
<annotations>
  <folder>images</folder>
  <filename>hard_hat_workers3221.png</filename>
  <object>
    <name>Helmet</name>
    <bndbox>
      <xmin>168.0</xmin>
      <ymin>242.0</ymin>
      <xmax>196.0</xmax>
      <ymax>269.0</ymax>
    </bndbox>
  </object>
  <object>
    <name>Helmet</name>
    <bndbox>
      <xmin>167.0</xmin>
      <ymin>376.0</ymin>
      <xmax>197.0</xmax>
      <ymax>406.0</ymax>
    </bndbox>
  </object>
  <object>
    <name>Helmet</name>
    <bndbox>
      <xmin>129.0</xmin>
      <ymin>213.0</ymin>
      <xmax>156.0</xmax>
      <ymax>238.0</ymax>
    </bndbox>
  </object>
</annotations>
