<?xml version='1.0' encoding='utf-8'?>
<annotations>
  <folder>images</folder>
  <filename>hard_hat_workers3254.png</filename>
  <object>
    <name>Helmet</name>
    <bndbox>
      <xmin>196.0</xmin>
      <ymin>122.0</ymin>
      <xmax>265.0</xmax>
      <ymax>211.0</ymax>
    </bndbox>
  </object>
  <object>
    <name>Helmet</name>
    <bndbox>
      <xmin>68.0</xmin>
      <ymin>119.0</ymin>
      <xmax>132.0</xmax>
      <ymax>200.0</ymax>
    </bndbox>
  </object>
  <object>
    <name>Head</name>
    <bndbox>
      <xmin>314.0</xmin>
      <ymin>147.0</ymin>
      <xmax>375.0</xmax>
      <ymax>225.0</ymax>
    </bndbox>
  </object>
  <object>
    <name>Helmet</name>
    <bndbox>
      <xmin>69.0</xmin>
      <ymin>0.0</ymin>
      <xmax>132.0</xmax>
      <ymax>23.0</ymax>
    </bndbox>
  </object>
</annotations>
