<?xml version='1.0' encoding='utf-8'?>
<annotations>
  <folder>images</folder>
  <filename>hard_hat_workers2063.png</filename>
  <object>
    <name>Helmet</name>
    <bndbox>
      <xmin>166.0</xmin>
      <ymin>117.0</ymin>
      <xmax>203.0</xmax>
      <ymax>166.0</ymax>
    </bndbox>
  </object>
  <object>
    <name>Helmet</name>
    <bndbox>
      <xmin>124.0</xmin>
      <ymin>110.0</ymin>
      <xmax>166.0</xmax>
      <ymax>161.0</ymax>
    </bndbox>
  </object>
  <object>
    <name>Helmet</name>
    <bndbox>
      <xmin>219.0</xmin>
      <ymin>109.0</ymin>
      <xmax>261.0</xmax>
      <ymax>160.0</ymax>
    </bndbox>
  </object>
  <object>
    <name>Helmet</name>
    <bndbox>
      <xmin>0.0</xmin>
      <ymin>110.0</ymin>
      <xmax>10.0</xmax>
      <ymax>156.0</ymax>
    </bndbox>
  </object>
</annotations>
