<?xml version='1.0' encoding='utf-8'?>
<annotations>
  <folder>images</folder>
  <filename>hard_hat_workers238.png</filename>
  <object>
    <name>Helmet</name>
    <bndbox>
      <xmin>140.0</xmin>
      <ymin>152.0</ymin>
      <xmax>180.0</xmax>
      <ymax>201.0</ymax>
    </bndbox>
  </object>
  <object>
    <name>Helmet</name>
    <bndbox>
      <xmin>4.0</xmin>
      <ymin>348.0</ymin>
      <xmax>94.0</xmax>
      <ymax>416.0</ymax>
    </bndbox>
  </object>
  <object>
    <name>Helmet</name>
    <bndbox>
      <xmin>291.0</xmin>
      <ymin>348.0</ymin>
      <xmax>337.0</xmax>
      <ymax>394.0</ymax>
    </bndbox>
  </object>
  <object>
    <name>Head</name>
    <bndbox>
      <xmin>3.0</xmin>
      <ymin>254.0</ymin>
      <xmax>94.0</xmax>
      <ymax>335.0</ymax>
    </bndbox>
  </object>
</annotations>
