<?xml version='1.0' encoding='utf-8'?>
<annotations>
  <folder>images</folder>
  <filename>hard_hat_workers1031.png</filename>
  <object>
    <name>Helmet</name>
    <bndbox>
      <xmin>65.0</xmin>
      <ymin>212.0</ymin>
      <xmax>141.0</xmax>
      <ymax>305.0</ymax>
    </bndbox>
  </object>
  <object>
    <name>Helmet</name>
    <bndbox>
      <xmin>0.0</xmin>
      <ymin>215.0</ymin>
      <xmax>37.0</xmax>
      <ymax>299.0</ymax>
    </bndbox>
  </object>
  <object>
    <name>Helmet</name>
    <bndbox>
      <xmin>126.0</xmin>
      <ymin>268.0</ymin>
      <xmax>151.0</xmax>
      <ymax>298.0</ymax>
    </bndbox>
  </object>
  <object>
    <name>Helmet</name>
    <bndbox>
      <xmin>0.0</xmin>
      <ymin>385.0</ymin>
      <xmax>32.0</xmax>
      <ymax>412.0</ymax>
    </bndbox>
  </object>
</annotations>
