<?xml version='1.0' encoding='utf-8'?>
<annotations>
  <folder>images</folder>
  <filename>hard_hat_workers4355.png</filename>
  <object>
    <name>Helmet</name>
    <bndbox>
      <xmin>45.0</xmin>
      <ymin>141.0</ymin>
      <xmax>87.0</xmax>
      <ymax>189.0</ymax>
    </bndbox>
  </object>
  <object>
    <name>Helmet</name>
    <bndbox>
      <xmin>341.0</xmin>
      <ymin>136.0</ymin>
      <xmax>364.0</xmax>
      <ymax>164.0</ymax>
    </bndbox>
  </object>
  <object>
    <name>Helmet</name>
    <bndbox>
      <xmin>89.0</xmin>
      <ymin>133.0</ymin>
      <xmax>115.0</xmax>
      <ymax>164.0</ymax>
    </bndbox>
  </object>
  <object>
    <name>Helmet</name>
    <bndbox>
      <xmin>290.0</xmin>
      <ymin>133.0</ymin>
      <xmax>310.0</xmax>
      <ymax>157.0</ymax>
    </bndbox>
  </object>
</annotations>
