<?xml version='1.0' encoding='utf-8'?>
<annotations>
  <folder>images</folder>
  <filename>hard_hat_workers635.png</filename>
  <object>
    <name>Helmet</name>
    <bndbox>
      <xmin>231.0</xmin>
      <ymin>89.0</ymin>
      <xmax>240.0</xmax>
      <ymax>100.0</ymax>
    </bndbox>
  </object>
  <object>
    <name>Helmet</name>
    <bndbox>
      <xmin>199.0</xmin>
      <ymin>104.0</ymin>
      <xmax>210.0</xmax>
      <ymax>116.0</ymax>
    </bndbox>
  </object>
  <object>
    <name>Helmet</name>
    <bndbox>
      <xmin>139.0</xmin>
      <ymin>128.0</ymin>
      <xmax>148.0</xmax>
      <ymax>139.0</ymax>
    </bndbox>
  </object>
</annotations>
