<?xml version='1.0' encoding='utf-8'?>
<annotations>
  <folder>images</folder>
  <filename>hard_hat_workers261.png</filename>
  <object>
    <name>Helmet</name>
    <bndbox>
      <xmin>225.0</xmin>
      <ymin>172.0</ymin>
      <xmax>251.0</xmax>
      <ymax>196.0</ymax>
    </bndbox>
  </object>
  <object>
    <name>Person</name>
    <bndbox>
      <xmin>160.0</xmin>
      <ymin>184.0</ymin>
      <xmax>215.0</xmax>
      <ymax>263.0</ymax>
    </bndbox>
  </object>
  <object>
    <name>Helmet</name>
    <bndbox>
      <xmin>176.0</xmin>
      <ymin>183.0</ymin>
      <xmax>194.0</xmax>
      <ymax>203.0</ymax>
    </bndbox>
  </object>
</annotations>
