<?xml version='1.0' encoding='utf-8'?>
<annotations>
  <folder>images</folder>
  <filename>hard_hat_workers1228.png</filename>
  <object>
    <name>Helmet</name>
    <bndbox>
      <xmin>84.0</xmin>
      <ymin>9.0</ymin>
      <xmax>112.0</xmax>
      <ymax>38.0</ymax>
    </bndbox>
  </object>
  <object>
    <name>Helmet</name>
    <bndbox>
      <xmin>84.0</xmin>
      <ymin>116.0</ymin>
      <xmax>110.0</xmax>
      <ymax>145.0</ymax>
    </bndbox>
  </object>
  <object>
    <name>Helmet</name>
    <bndbox>
      <xmin>53.0</xmin>
      <ymin>174.0</ymin>
      <xmax>92.0</xmax>
      <ymax>201.0</ymax>
    </bndbox>
  </object>
  <object>
    <name>Helmet</name>
    <bndbox>
      <xmin>145.0</xmin>
      <ymin>197.0</ymin>
      <xmax>171.0</xmax>
      <ymax>218.0</ymax>
    </bndbox>
  </object>
</annotations>
