<?xml version='1.0' encoding='utf-8'?>
<annotations>
  <folder>images</folder>
  <filename>hard_hat_workers2707.png</filename>
  <object>
    <name>Helmet</name>
    <bndbox>
      <xmin>233.0</xmin>
      <ymin>120.0</ymin>
      <xmax>263.0</xmax>
      <ymax>154.0</ymax>
    </bndbox>
  </object>
  <object>
    <name>Helmet</name>
    <bndbox>
      <xmin>290.0</xmin>
      <ymin>129.0</ymin>
      <xmax>313.0</xmax>
      <ymax>156.0</ymax>
    </bndbox>
  </object>
  <object>
    <name>Helmet</name>
    <bndbox>
      <xmin>234.0</xmin>
      <ymin>0.0</ymin>
      <xmax>262.0</xmax>
      <ymax>17.0</ymax>
    </bndbox>
  </object>
  <object>
    <name>Helmet</name>
    <bndbox>
      <xmin>177.0</xmin>
      <ymin>142.0</ymin>
      <xmax>199.0</xmax>
      <ymax>167.0</ymax>
    </bndbox>
  </object>
</annotations>
