<?xml version='1.0' encoding='utf-8'?>
<annotations>
  <folder>images</folder>
  <filename>hard_hat_workers1348.png</filename>
  <object>
    <name>Helmet</name>
    <bndbox>
      <xmin>170.0</xmin>
      <ymin>161.0</ymin>
      <xmax>232.0</xmax>
      <ymax>232.0</ymax>
    </bndbox>
  </object>
  <object>
    <name>Helmet</name>
    <bndbox>
      <xmin>223.0</xmin>
      <ymin>19.0</ymin>
      <xmax>296.0</xmax>
      <ymax>117.0</ymax>
    </bndbox>
  </object>
  <object>
    <name>Head</name>
    <bndbox>
      <xmin>287.0</xmin>
      <ymin>215.0</ymin>
      <xmax>400.0</xmax>
      <ymax>343.0</ymax>
    </bndbox>
  </object>
  <object>
    <name>Person</name>
    <bndbox>
      <xmin>124.0</xmin>
      <ymin>167.0</ymin>
      <xmax>297.0</xmax>
      <ymax>353.0</ymax>
    </bndbox>
  </object>
</annotations>
