<?xml version='1.0' encoding='utf-8'?>
<annotations>
  <folder>images</folder>
  <filename>hard_hat_workers2824.png</filename>
  <object>
    <name>Helmet</name>
    <bndbox>
      <xmin>10.0</xmin>
      <ymin>213.0</ymin>
      <xmax>52.0</xmax>
      <ymax>251.0</ymax>
    </bndbox>
  </object>
  <object>
    <name>Helmet</name>
    <bndbox>
      <xmin>221.0</xmin>
      <ymin>214.0</ymin>
      <xmax>247.0</xmax>
      <ymax>242.0</ymax>
    </bndbox>
  </object>
  <object>
    <name>Helmet</name>
    <bndbox>
      <xmin>0.0</xmin>
      <ymin>226.0</ymin>
      <xmax>17.0</xmax>
      <ymax>248.0</ymax>
    </bndbox>
  </object>
  <object>
    <name>Helmet</name>
    <bndbox>
      <xmin>233.0</xmin>
      <ymin>164.0</ymin>
      <xmax>254.0</xmax>
      <ymax>184.0</ymax>
    </bndbox>
  </object>
</annotations>
