<?xml version='1.0' encoding='utf-8'?>
<annotations>
  <folder>images</folder>
  <filename>hard_hat_workers2701.png</filename>
  <object>
    <name>Head</name>
    <bndbox>
      <xmin>156.0</xmin>
      <ymin>160.0</ymin>
      <xmax>185.0</xmax>
      <ymax>197.0</ymax>
    </bndbox>
  </object>
  <object>
    <name>Head</name>
    <bndbox>
      <xmin>273.0</xmin>
      <ymin>159.0</ymin>
      <xmax>316.0</xmax>
      <ymax>215.0</ymax>
    </bndbox>
  </object>
  <object>
    <name>Head</name>
    <bndbox>
      <xmin>218.0</xmin>
      <ymin>170.0</ymin>
      <xmax>251.0</xmax>
      <ymax>213.0</ymax>
    </bndbox>
  </object>
  <object>
    <name>Head</name>
    <bndbox>
      <xmin>92.0</xmin>
      <ymin>161.0</ymin>
      <xmax>128.0</xmax>
      <ymax>206.0</ymax>
    </bndbox>
  </object>
</annotations>
