<?xml version='1.0' encoding='utf-8'?>
<annotations>
  <folder>images</folder>
  <filename>hard_hat_workers3932.png</filename>
  <object>
    <name>Head</name>
    <bndbox>
      <xmin>346.0</xmin>
      <ymin>117.0</ymin>
      <xmax>379.0</xmax>
      <ymax>159.0</ymax>
    </bndbox>
  </object>
  <object>
    <name>Head</name>
    <bndbox>
      <xmin>263.0</xmin>
      <ymin>77.0</ymin>
      <xmax>307.0</xmax>
      <ymax>124.0</ymax>
    </bndbox>
  </object>
  <object>
    <name>Head</name>
    <bndbox>
      <xmin>234.0</xmin>
      <ymin>97.0</ymin>
      <xmax>270.0</xmax>
      <ymax>139.0</ymax>
    </bndbox>
  </object>
  <object>
    <name>Head</name>
    <bndbox>
      <xmin>166.0</xmin>
      <ymin>108.0</ymin>
      <xmax>198.0</xmax>
      <ymax>146.0</ymax>
    </bndbox>
  </object>
</annotations>
