<?xml version='1.0' encoding='utf-8'?>
<annotations>
  <folder>images</folder>
  <filename>hard_hat_workers4417.png</filename>
  <object>
    <name>Helmet</name>
    <bndbox>
      <xmin>141.0</xmin>
      <ymin>176.0</ymin>
      <xmax>173.0</xmax>
      <ymax>209.0</ymax>
    </bndbox>
  </object>
  <object>
    <name>Helmet</name>
    <bndbox>
      <xmin>396.0</xmin>
      <ymin>299.0</ymin>
      <xmax>412.0</xmax>
      <ymax>317.0</ymax>
    </bndbox>
  </object>
  <object>
    <name>Person</name>
    <bndbox>
      <xmin>107.0</xmin>
      <ymin>352.0</ymin>
      <xmax>194.0</xmax>
      <ymax>416.0</ymax>
    </bndbox>
  </object>
</annotations>
