<?xml version='1.0' encoding='utf-8'?>
<annotations>
  <folder>images</folder>
  <filename>hard_hat_workers930.png</filename>
  <object>
    <name>Helmet</name>
    <bndbox>
      <xmin>191.0</xmin>
      <ymin>121.0</ymin>
      <xmax>224.0</xmax>
      <ymax>160.0</ymax>
    </bndbox>
  </object>
  <object>
    <name>Helmet</name>
    <bndbox>
      <xmin>192.0</xmin>
      <ymin>0.0</ymin>
      <xmax>223.0</xmax>
      <ymax>16.0</ymax>
    </bndbox>
  </object>
  <object>
    <name>Person</name>
    <bndbox>
      <xmin>170.0</xmin>
      <ymin>354.0</ymin>
      <xmax>240.0</xmax>
      <ymax>415.0</ymax>
    </bndbox>
  </object>
</annotations>
