<?xml version='1.0' encoding='utf-8'?>
<annotations>
  <folder>images</folder>
  <filename>hard_hat_workers2889.png</filename>
  <object>
    <name>Helmet</name>
    <bndbox>
      <xmin>273.0</xmin>
      <ymin>239.0</ymin>
      <xmax>303.0</xmax>
      <ymax>274.0</ymax>
    </bndbox>
  </object>
  <object>
    <name>Helmet</name>
    <bndbox>
      <xmin>272.0</xmin>
      <ymin>189.0</ymin>
      <xmax>292.0</xmax>
      <ymax>210.0</ymax>
    </bndbox>
  </object>
  <object>
    <name>Helmet</name>
    <bndbox>
      <xmin>300.0</xmin>
      <ymin>214.0</ymin>
      <xmax>318.0</xmax>
      <ymax>235.0</ymax>
    </bndbox>
  </object>
</annotations>
