<?xml version='1.0' encoding='utf-8'?>
<annotations>
  <folder>images</folder>
  <filename>hard_hat_workers1885.png</filename>
  <object>
    <name>Helmet</name>
    <bndbox>
      <xmin>119.0</xmin>
      <ymin>137.0</ymin>
      <xmax>157.0</xmax>
      <ymax>189.0</ymax>
    </bndbox>
  </object>
  <object>
    <name>Helmet</name>
    <bndbox>
      <xmin>186.0</xmin>
      <ymin>131.0</ymin>
      <xmax>229.0</xmax>
      <ymax>186.0</ymax>
    </bndbox>
  </object>
  <object>
    <name>Helmet</name>
    <bndbox>
      <xmin>90.0</xmin>
      <ymin>110.0</ymin>
      <xmax>135.0</xmax>
      <ymax>165.0</ymax>
    </bndbox>
  </object>
  <object>
    <name>Helmet</name>
    <bndbox>
      <xmin>250.0</xmin>
      <ymin>127.0</ymin>
      <xmax>291.0</xmax>
      <ymax>182.0</ymax>
    </bndbox>
  </object>
</annotations>
