<?xml version='1.0' encoding='utf-8'?>
<annotations>
  <folder>images</folder>
  <filename>hard_hat_workers2408.png</filename>
  <object>
    <name>Helmet</name>
    <bndbox>
      <xmin>1.0</xmin>
      <ymin>142.0</ymin>
      <xmax>98.0</xmax>
      <ymax>256.0</ymax>
    </bndbox>
  </object>
  <object>
    <name>Helmet</name>
    <bndbox>
      <xmin>153.0</xmin>
      <ymin>129.0</ymin>
      <xmax>184.0</xmax>
      <ymax>167.0</ymax>
    </bndbox>
  </object>
  <object>
    <name>Helmet</name>
    <bndbox>
      <xmin>299.0</xmin>
      <ymin>116.0</ymin>
      <xmax>409.0</xmax>
      <ymax>246.0</ymax>
    </bndbox>
  </object>
  <object>
    <name>Helmet</name>
    <bndbox>
      <xmin>194.0</xmin>
      <ymin>135.0</ymin>
      <xmax>217.0</xmax>
      <ymax>163.0</ymax>
    </bndbox>
  </object>
</annotations>
