<?xml version='1.0' encoding='utf-8'?>
<annotations>
  <folder>images</folder>
  <filename>hard_hat_workers4137.png</filename>
  <object>
    <name>Helmet</name>
    <bndbox>
      <xmin>120.0</xmin>
      <ymin>131.0</ymin>
      <xmax>145.0</xmax>
      <ymax>159.0</ymax>
    </bndbox>
  </object>
  <object>
    <name>Helmet</name>
    <bndbox>
      <xmin>75.0</xmin>
      <ymin>150.0</ymin>
      <xmax>105.0</xmax>
      <ymax>180.0</ymax>
    </bndbox>
  </object>
  <object>
    <name>Head</name>
    <bndbox>
      <xmin>325.0</xmin>
      <ymin>67.0</ymin>
      <xmax>363.0</xmax>
      <ymax>115.0</ymax>
    </bndbox>
  </object>
</annotations>
