<?xml version='1.0' encoding='utf-8'?>
<annotations>
  <folder>images</folder>
  <filename>hard_hat_workers273.png</filename>
  <object>
    <name>Helmet</name>
    <bndbox>
      <xmin>248.0</xmin>
      <ymin>127.0</ymin>
      <xmax>299.0</xmax>
      <ymax>176.0</ymax>
    </bndbox>
  </object>
  <object>
    <name>Helmet</name>
    <bndbox>
      <xmin>252.0</xmin>
      <ymin>0.0</ymin>
      <xmax>297.0</xmax>
      <ymax>13.0</ymax>
    </bndbox>
  </object>
  <object>
    <name>Person</name>
    <bndbox>
      <xmin>236.0</xmin>
      <ymin>138.0</ymin>
      <xmax>364.0</xmax>
      <ymax>264.0</ymax>
    </bndbox>
  </object>
  <object>
    <name>Helmet</name>
    <bndbox>
      <xmin>20.0</xmin>
      <ymin>198.0</ymin>
      <xmax>34.0</xmax>
      <ymax>213.0</ymax>
    </bndbox>
  </object>
</annotations>
