<?xml version='1.0' encoding='utf-8'?>
<annotations>
  <folder>images</folder>
  <filename>hard_hat_workers2295.png</filename>
  <object>
    <name>Helmet</name>
    <bndbox>
      <xmin>38.0</xmin>
      <ymin>73.0</ymin>
      <xmax>237.0</xmax>
      <ymax>209.0</ymax>
    </bndbox>
  </object>
  <object>
    <name>Helmet</name>
    <bndbox>
      <xmin>46.0</xmin>
      <ymin>1.0</ymin>
      <xmax>243.0</xmax>
      <ymax>70.0</ymax>
    </bndbox>
  </object>
  <object>
    <name>Person</name>
    <bndbox>
      <xmin>2.0</xmin>
      <ymin>82.0</ymin>
      <xmax>338.0</xmax>
      <ymax>372.0</ymax>
    </bndbox>
  </object>
  <object>
    <name>Helmet</name>
    <bndbox>
      <xmin>25.0</xmin>
      <ymin>69.0</ymin>
      <xmax>288.0</xmax>
      <ymax>287.0</ymax>
    </bndbox>
  </object>
</annotations>
